User_ID,AGI,Effective_Tax_Rate,Tax_Paid,Refund,Net_Income,COLI_Index,Deduction_Strategy,Filing_Status,Dependents,Boost_Flag,Take_Home_COLA_Ratio,Muse_Score
1,50000,0.1587,7935.0,1093.68,43158.68,0.95,Standard,Married Joint,3,1,45430.19,673.0
2,120000,0.1599,19188.0,5916.89,106728.89,1.05,Standard,Single,0,1,101646.56,735.0
3,70000,0.1781,12467.0,1995.28,59528.28,1.0,Standard,Married Joint,0,1,59528.28,679.0
4,70000,0.185,12950.0,4260.06,61310.06,0.95,Standard,Married Joint,2,1,64536.91,691.0
5,35000,0.1601,5603.5,1832.44,31228.94,0.95,Standard,Single,1,0,32872.57,556.0
6,35000,0.1758,6153.0,292.45,29139.45,0.95,Standard,Single,2,0,30673.11,548.0
7,25000,0.1617,4042.5,940.79,21898.29,0.95,Standard,Single,1,0,23050.83,542.0
8,90000,0.1938,17442.0,3747.84,76305.84,1.0,Standard,Married Separate,1,0,76305.84,597.0
9,70000,0.1646,11522.0,3819.17,62297.17,1.05,Standard,Married Joint,0,1,59330.64,677.0
10,70000,0.1168,8176.0,4840.45,66664.45,0.85,Standard,Single,1,0,78428.76,638.0
11,15000,0.1429,2143.5,-1125.17,11731.33,0.95,Standard,Single,1,0,12348.77,519.0
12,120000,0.2062,24744.0,6115.03,101371.03,1.15,Standard,Married Joint,0,1,88148.72,693.0
13,90000,0.1881,16929.0,4339.87,77410.87,0.95,Standard,Married Separate,2,0,81485.13,613.0
14,35000,0.105,3675.0,2421.34,33746.34,1.0,Standard,Married Separate,0,1,33746.34,653.0
15,35000,0.1109,3881.5,1963.2,33081.7,1.15,Standard,Married Joint,2,1,28766.7,628.0
16,35000,0.1749,6121.5,998.03,29876.53,0.95,Itemized,Single,0,0,31448.98,569.0
17,50000,0.1521,7605.0,2180.95,44575.95,0.85,Standard,Single,0,0,52442.29,601.0
18,50000,0.1738,8690.0,1703.97,43013.97,1.0,Standard,Single,1,0,43013.97,558.0
19,50000,0.1542,7710.0,3576.01,45866.01,1.0,Standard,Single,0,0,45866.01,568.0
20,35000,0.1442,5047.0,1771.31,31724.31,1.0,Itemized,Single,2,0,31724.31,570.0
21,70000,0.1948,13636.0,5401.19,61765.19,1.15,Itemized,Single,1,0,53708.86,569.0
22,25000,0.1212,3030.0,1189.34,23159.34,0.95,Standard,Single,0,1,24378.25,648.0
23,35000,0.1462,5117.0,1041.59,30924.59,1.0,Standard,Head of Household,0,0,30924.59,549.0
24,50000,0.1395,6975.0,986.29,44011.29,1.0,Itemized,Married Joint,1,1,44011.29,687.0
25,50000,0.1403,7015.0,696.86,43681.86,0.95,Standard,Married Separate,2,0,45980.91,576.0
26,90000,0.1707,15363.0,2915.86,77552.86,1.05,Standard,Married Joint,1,0,73859.87,595.0
27,35000,0.15,5250.0,2017.13,31767.13,0.95,Standard,Single,3,1,33439.08,660.0
28,50000,0.139,6950.0,3008.73,46058.73,1.0,Standard,Married Joint,1,0,46058.73,570.0
29,70000,0.2043,14301.0,1918.81,57617.81,0.85,Itemized,Single,1,0,67785.66,624.0
30,15000,0.1032,1548.0,1645.04,15097.04,1.0,Itemized,Married Joint,0,0,15097.04,548.0
31,70000,0.1611,11277.0,3016.94,61739.94,1.0,Standard,Single,1,1,61739.94,687.0
32,35000,0.1301,4553.5,1896.79,32343.29,1.15,Standard,Head of Household,0,0,28124.6,527.0
33,25000,0.1801,4502.5,2862.22,23359.72,0.85,Itemized,Single,1,0,27482.02,580.0
34,120000,0.2059,24708.0,6896.84,102188.84,1.0,Standard,Single,1,0,102188.84,628.0
35,120000,0.231,27720.0,5731.47,98011.47,1.0,Standard,Head of Household,0,1,98011.47,715.0
36,90000,0.1354,12186.0,3608.81,81422.81,1.05,Itemized,Single,0,1,77545.53,726.0
37,50000,0.1613,8065.0,348.18,42283.18,1.0,Standard,Married Joint,2,0,42283.18,561.0
38,25000,0.1634,4085.0,530.85,21445.85,1.05,Standard,Married Joint,1,1,20424.62,625.0
39,70000,0.1691,11837.0,3288.87,61451.87,1.05,Standard,Married Separate,2,0,58525.59,574.0
40,50000,0.1853,9265.0,1512.82,42247.82,1.15,Itemized,Head of Household,0,0,36737.23,550.0
41,25000,0.1211,3027.5,1118.74,23091.24,1.0,Standard,Head of Household,2,0,23091.24,539.0
42,50000,0.1956,9780.0,2576.85,42796.85,1.0,Standard,Single,2,0,42796.85,551.0
43,15000,0.199,2985.0,525.14,12540.14,1.15,Standard,Married Separate,0,0,10904.47,491.0
44,120000,0.1891,22692.0,5350.0,102658.0,1.25,Itemized,Married Joint,0,0,82126.4,601.0
45,35000,0.13,4550.0,1918.65,32368.65,1.15,Itemized,Married Joint,1,0,28146.65,547.0
46,70000,0.2103,14721.0,3941.94,59220.94,1.0,Standard,Single,1,1,59220.94,669.0
47,50000,0.2007,10035.0,1409.6,41374.6,0.95,Standard,Married Joint,1,0,43552.21,558.0
48,50000,0.1376,6880.0,3910.93,47030.93,1.0,Standard,Head of Household,1,0,47030.93,571.0
49,50000,0.1407,7035.0,2401.41,45366.41,1.05,Itemized,Head of Household,2,1,43206.1,679.0
50,35000,0.1349,4721.5,1768.85,32047.35,1.0,Standard,Single,2,0,32047.35,551.0
51,120000,0.1597,19164.0,6708.21,107544.21,1.0,Itemized,Single,1,0,107544.21,670.0
52,90000,0.1524,13716.0,4733.22,81017.22,1.15,Standard,Single,0,1,70449.76,684.0
53,120000,0.1699,20388.0,6953.14,106565.14,1.0,Itemized,Married Separate,1,0,106565.14,665.0
54,90000,0.157,14130.0,4787.12,80657.12,1.15,Itemized,Married Joint,1,0,70136.63,602.0
55,70000,0.1656,11592.0,2887.56,61295.56,1.0,Standard,Single,2,0,61295.56,585.0
56,120000,0.207,24840.0,6361.5,101521.5,1.0,Itemized,Single,1,1,101521.5,747.0
57,25000,0.1832,4580.0,106.27,20526.27,1.0,Standard,Single,2,0,20526.27,525.0
58,35000,0.1134,3969.0,1858.56,32889.56,1.05,Standard,Single,0,1,31323.39,643.0
59,15000,0.1595,2392.5,716.77,13324.27,0.95,Standard,Head of Household,2,0,14025.55,531.0
60,50000,0.1469,7345.0,2291.88,44946.88,0.95,Standard,Married Joint,2,0,47312.51,578.0
61,50000,0.1518,7590.0,2371.46,44781.46,1.25,Standard,Single,1,1,35825.17,628.0
62,35000,0.1636,5726.0,-131.85,29142.15,0.95,Standard,Married Joint,0,0,30675.95,551.0
63,90000,0.1463,13167.0,3951.28,80784.28,1.0,Standard,Single,0,0,80784.28,616.0
64,50000,0.1648,8240.0,2592.84,44352.84,1.0,Standard,Head of Household,1,0,44352.84,563.0
65,35000,0.1483,5190.5,1909.86,31719.36,1.0,Standard,Single,0,1,31719.36,650.0
66,50000,0.1681,8405.0,1472.32,43067.32,1.05,Standard,Single,0,0,41016.5,551.0
67,25000,0.1453,3632.5,2515.71,23883.21,0.95,Standard,Single,0,0,25140.22,549.0
68,90000,0.2537,22833.0,3633.83,70800.83,1.0,Standard,Married Joint,1,0,70800.83,572.0
69,25000,0.1175,2937.5,2219.46,24281.96,1.0,Standard,Married Joint,0,1,24281.96,640.0
70,150000,0.2041,30615.0,7927.19,127312.19,1.05,Standard,Married Joint,3,0,121249.7,649.0
71,90000,0.1613,14517.0,3853.77,79336.77,0.95,Standard,Single,1,0,83512.39,624.0
72,35000,0.1267,4434.5,3525.31,34090.81,1.0,Itemized,Single,0,0,34090.81,573.0
73,15000,0.1109,1663.5,-443.64,12892.86,0.95,Itemized,Single,0,0,13571.43,548.0
74,90000,0.2157,19413.0,5419.15,76006.15,0.95,Standard,Married Joint,1,0,80006.47,602.0
75,70000,0.2093,14651.0,4500.58,59849.58,0.95,Itemized,Single,0,0,62999.56,601.0
76,70000,0.1495,10465.0,2829.38,62364.38,0.95,Itemized,Married Joint,0,0,65646.72,623.0
77,90000,0.155,13950.0,5892.47,81942.47,1.15,Itemized,Married Separate,2,1,71254.32,704.0
78,25000,0.1508,3770.0,999.95,22229.95,0.95,Standard,Married Separate,1,1,23399.95,646.0
79,50000,0.1368,6840.0,2788.69,45948.69,1.15,Itemized,Single,1,0,39955.38,563.0
80,25000,0.1557,3892.5,1510.32,22617.82,1.25,Standard,Single,1,1,18094.26,603.0
81,90000,0.1861,16749.0,4365.69,77616.69,1.0,Standard,Single,1,0,77616.69,601.0
82,70000,0.1212,8484.0,4310.81,65826.81,0.95,Standard,Married Joint,1,1,69291.38,708.0
83,50000,0.1998,9990.0,3293.49,43303.49,1.0,Standard,Married Separate,1,0,43303.49,551.0
84,25000,0.1905,4762.5,-498.53,19738.97,1.05,Standard,Single,1,0,18799.02,512.0
85,50000,0.1349,6745.0,3804.34,47059.34,1.0,Standard,Single,2,1,47059.34,671.0
86,50000,0.1417,7085.0,837.51,43752.51,0.85,Standard,Married Separate,2,1,51473.54,700.0
87,70000,0.1752,12264.0,4532.55,62268.55,1.0,Itemized,Married Separate,1,0,62268.55,604.0
88,70000,0.1767,12369.0,4626.71,62257.71,1.15,Itemized,Single,2,0,54137.14,575.0
89,90000,0.1998,17982.0,3409.03,75427.03,1.05,Standard,Married Joint,0,0,71835.27,583.0
90,50000,0.2136,10680.0,2089.19,41409.19,0.95,Itemized,Single,2,0,43588.62,574.0
91,25000,0.1314,3285.0,144.3,21859.3,1.05,Itemized,Single,1,0,20818.38,549.0
92,70000,0.1427,9989.0,3285.08,63296.08,0.95,Itemized,Head of Household,1,0,66627.45,624.0
93,90000,0.1386,12474.0,4191.97,81717.97,0.95,Standard,Married Separate,0,1,86018.92,731.0
94,70000,0.1447,10129.0,4279.66,64150.66,1.15,Standard,Married Joint,3,0,55783.18,565.0
95,90000,0.179,16110.0,5810.31,79700.31,0.95,Itemized,Single,0,0,83895.06,639.0
96,50000,0.2072,10360.0,3895.68,43535.68,0.95,Standard,Married Separate,1,0,45827.03,559.0
97,50000,0.1378,6890.0,1937.83,45047.83,0.85,Standard,Single,0,0,52997.45,603.0
98,50000,0.16,8000.0,2290.78,44290.78,1.15,Standard,Single,1,0,38513.72,539.0
99,15000,0.1295,1942.5,-933.44,12124.06,1.05,Standard,Married Joint,1,0,11546.72,508.0
100,25000,0.1723,4307.5,444.13,21136.63,1.05,Standard,Single,1,1,20130.12,622.0
101,15000,0.2058,3087.0,1714.85,13627.85,1.05,Standard,Married Joint,0,1,12978.9,602.0
102,70000,0.1507,10549.0,5115.58,64566.58,0.95,Standard,Married Joint,0,0,67964.82,606.0
103,50000,0.1387,6935.0,1265.65,44330.65,1.0,Itemized,Single,2,0,44330.65,587.0
104,50000,0.1847,9235.0,1907.54,42672.54,1.0,Itemized,Single,0,0,42672.54,575.0
105,120000,0.2205,26460.0,5973.59,99513.59,0.85,Standard,Single,1,1,117074.81,766.0
106,35000,0.1987,6954.5,2030.16,30075.66,1.0,Itemized,Single,0,1,30075.66,653.0
107,50000,0.1709,8545.0,1690.4,43145.4,1.15,Standard,Married Joint,2,0,37517.74,535.0
108,90000,0.1692,15228.0,4924.06,79696.06,0.85,Standard,Married Separate,0,0,93760.07,652.0
109,35000,0.1611,5638.5,1276.16,30637.66,0.95,Itemized,Single,1,1,32250.17,675.0
110,25000,0.1699,4247.5,1235.55,21988.05,0.95,Itemized,Single,0,0,23145.32,560.0
111,35000,0.1679,5876.5,2296.28,31419.78,0.95,Itemized,Married Joint,2,0,33073.45,574.0
112,35000,0.1586,5551.0,1756.42,31205.42,1.15,Standard,Married Separate,2,1,27135.15,624.0
113,120000,0.232,27840.0,5563.61,97723.61,1.0,Itemized,Single,2,1,97723.61,735.0
114,90000,0.2151,19359.0,4390.39,75031.39,1.0,Standard,Single,1,0,75031.39,589.0
115,70000,0.2081,14567.0,3411.64,58844.64,1.05,Standard,Married Joint,0,0,56042.51,560.0
116,90000,0.1995,17955.0,4129.99,76174.99,0.95,Standard,Single,0,0,80184.2,607.0
117,90000,0.175,15750.0,4241.2,78491.2,1.0,Standard,Single,2,0,78491.2,606.0
118,35000,0.1477,5169.5,3348.65,33179.15,1.0,Standard,Married Joint,1,0,33179.15,552.0
119,90000,0.2162,19458.0,5060.92,75602.92,1.0,Itemized,Married Joint,0,0,75602.92,610.0
120,50000,0.1288,6440.0,2204.52,45764.52,1.25,Standard,Married Joint,0,1,36611.62,629.0
121,90000,0.1911,17199.0,5196.95,77997.95,1.05,Standard,Married Joint,0,1,74283.76,689.0
122,90000,0.1682,15138.0,4166.18,79028.18,1.0,Standard,Married Joint,0,0,79028.18,609.0
123,50000,0.1542,7710.0,3673.12,45963.12,1.15,Standard,Single,3,0,39967.93,542.0
124,25000,0.175,4375.0,1619.64,22244.64,0.95,Itemized,Single,1,0,23415.41,559.0
125,35000,0.1491,5218.5,1642.7,31424.2,0.85,Standard,Single,0,0,36969.65,581.0
126,50000,0.1547,7735.0,2947.72,45212.72,0.95,Standard,Single,2,0,47592.34,577.0
127,90000,0.1392,12528.0,2929.12,80401.12,1.0,Itemized,Married Joint,1,0,80401.12,636.0
128,90000,0.2024,18216.0,3373.23,75157.23,1.0,Standard,Married Separate,1,1,75157.23,693.0
129,15000,0.1494,2241.0,-443.93,12315.07,1.05,Standard,Head of Household,1,0,11728.64,513.0
130,50000,0.2182,10910.0,2642.94,41732.94,1.15,Standard,Married Joint,0,1,36289.51,620.0
131,50000,0.1441,7205.0,4232.51,47027.51,1.0,Standard,Single,1,1,47027.51,671.0
132,35000,0.1499,5246.5,3981.3,33734.8,1.0,Standard,Single,0,0,33734.8,553.0
133,25000,0.1441,3602.5,1888.05,23285.55,0.85,Standard,Married Separate,5,0,27394.76,569.0
134,50000,0.2007,10035.0,3000.84,42965.84,0.85,Itemized,Married Joint,1,1,50548.05,703.0
135,120000,0.1971,23652.0,4198.94,100546.94,1.0,Itemized,Married Joint,1,1,100546.94,749.0
136,50000,0.1617,8085.0,1957.33,43872.33,1.0,Standard,Married Joint,1,0,43872.33,563.0
137,50000,0.1716,8580.0,1712.22,43132.22,1.15,Standard,Married Joint,1,0,37506.28,535.0
138,70000,0.1723,12061.0,2879.15,60818.15,0.95,Itemized,Married Separate,0,0,64019.11,614.0
139,50000,0.1399,6995.0,2331.86,45336.86,0.85,Standard,Single,1,1,53337.48,703.0
140,150000,0.2258,33870.0,7027.91,123157.91,1.0,Standard,Married Joint,0,0,123157.91,651.0
141,120000,0.2322,27864.0,4020.7,96156.7,0.95,Standard,Married Separate,0,0,101217.58,626.0
142,35000,0.1125,3937.5,2497.91,33560.41,0.85,Itemized,Single,1,1,39482.84,706.0
143,50000,0.1573,7865.0,1427.26,43562.26,1.05,Standard,Married Joint,2,0,41487.87,555.0
144,50000,0.1323,6615.0,2739.25,46124.25,0.95,Standard,Single,0,0,48551.84,580.0
145,35000,0.1792,6272.0,3824.08,32552.08,1.05,Standard,Head of Household,0,0,31001.98,534.0
146,15000,0.0843,1264.5,-169.38,13566.12,0.95,Itemized,Single,1,1,14280.13,652.0
147,70000,0.1499,10493.0,969.71,60476.71,0.95,Standard,Married Joint,0,0,63659.69,600.0
148,50000,0.1646,8230.0,2214.0,43984.0,1.0,Itemized,Single,2,0,43984.0,582.0
149,25000,0.1836,4590.0,2350.96,22760.96,1.15,Standard,Married Joint,0,0,19792.14,506.0
150,35000,0.1414,4949.0,3708.35,33759.35,1.0,Standard,Single,3,0,33759.35,553.0
151,120000,0.1833,21996.0,4770.45,102774.45,1.05,Standard,Single,3,0,97880.43,623.0
152,35000,0.1998,6993.0,2246.7,30253.7,0.95,Standard,Single,1,0,31846.0,542.0
153,25000,0.0932,2330.0,784.69,23454.69,1.05,Itemized,Head of Household,0,0,22337.8,551.0
154,50000,0.0874,4370.0,2394.05,48024.05,0.95,Standard,Single,1,1,50551.63,683.0
155,150000,0.2332,34980.0,10144.34,125164.34,1.05,Itemized,Single,1,1,119204.13,757.0
156,35000,0.1283,4490.5,247.03,30756.53,1.0,Standard,Married Joint,3,0,30756.53,549.0
157,70000,0.136,9520.0,3753.74,64233.74,1.15,Standard,Married Joint,0,0,55855.43,565.0
158,90000,0.2013,18117.0,4967.69,76850.69,1.0,Standard,Head of Household,1,0,76850.69,596.0
159,35000,0.1506,5271.0,2835.79,32564.79,0.85,Standard,Single,2,1,38311.52,684.0
160,70000,0.1497,10479.0,3597.98,63118.98,0.85,Itemized,Married Joint,0,0,74257.62,651.0
161,50000,0.1149,5745.0,2808.05,47063.05,1.15,Standard,Single,0,0,40924.39,544.0
162,70000,0.1928,13496.0,3108.35,59612.35,1.0,Standard,Single,1,0,59612.35,575.0
163,70000,0.1862,13034.0,3769.13,60735.13,1.05,Standard,Married Joint,1,0,57842.98,568.0
164,50000,0.1504,7520.0,2156.81,44636.81,0.95,Standard,Married Joint,1,0,46986.12,578.0
165,25000,0.1921,4802.5,1871.57,22069.07,1.0,Standard,Married Joint,0,0,22069.07,525.0
166,90000,0.1479,13311.0,4130.39,80819.39,0.85,Itemized,Single,3,0,95081.64,679.0
167,50000,0.1076,5380.0,2877.1,47497.1,1.25,Standard,Single,0,1,37997.68,630.0
168,35000,0.1226,4291.0,1720.74,32429.74,1.05,Standard,Single,1,0,30885.47,542.0
169,15000,0.1286,1929.0,1876.05,14947.05,1.15,Standard,Head of Household,2,0,12997.43,506.0
170,70000,0.174,12180.0,3448.61,61268.61,0.95,Itemized,Single,2,0,64493.27,614.0
171,70000,0.1594,11158.0,1726.97,60568.97,1.05,Standard,Single,1,0,57684.73,576.0
172,15000,0.1406,2109.0,2011.92,14902.92,1.05,Standard,Single,1,0,14193.26,520.0
173,50000,0.1158,5790.0,1594.27,45804.27,1.0,Standard,Married Joint,2,0,45804.27,569.0
174,35000,0.1866,6531.0,1096.23,29565.23,1.15,Standard,Single,0,0,25708.9,515.0
175,70000,0.1642,11494.0,2904.34,61410.34,1.15,Standard,Head of Household,1,0,53400.3,558.0
176,35000,0.1769,6191.5,3124.44,31932.94,1.15,Standard,Single,2,0,27767.77,519.0
177,70000,0.1769,12383.0,1364.33,58981.33,1.05,Itemized,Married Separate,0,0,56172.7,589.0
178,50000,0.167,8350.0,5637.75,47287.75,0.95,Standard,Single,1,1,49776.58,677.0
179,120000,0.2171,26052.0,7056.06,101004.06,0.95,Itemized,Married Joint,1,0,106320.06,657.0
180,25000,0.1501,3752.5,1473.24,22720.74,1.25,Standard,Head of Household,0,0,18176.59,505.0
181,50000,0.1726,8630.0,2445.11,43815.11,0.85,Standard,Single,3,0,51547.19,593.0
182,25000,0.1765,4412.5,1535.55,22123.05,1.05,Standard,Head of Household,0,0,21069.57,522.0
183,120000,0.2059,24708.0,6521.12,101813.12,1.05,Standard,Single,0,0,96964.88,615.0
184,90000,0.2013,18117.0,5145.22,77028.22,1.05,Itemized,Head of Household,1,0,73360.21,605.0
185,35000,0.1406,4921.0,2305.6,32384.6,1.25,Standard,Married Joint,2,1,25907.68,615.0
186,70000,0.2099,14693.0,3589.58,58896.58,1.0,Standard,Single,2,0,58896.58,569.0
187,90000,0.1597,14373.0,4302.66,79929.66,1.0,Standard,Single,0,0,79929.66,612.0
188,70000,0.2207,15449.0,3348.73,57899.73,0.85,Itemized,Single,0,1,68117.33,720.0
189,50000,0.1521,7605.0,2305.09,44700.09,1.0,Standard,Single,1,1,44700.09,667.0
190,35000,0.1004,3514.0,2883.77,34369.77,0.95,Itemized,Single,0,0,36178.71,584.0
191,25000,0.1405,3512.5,1843.56,23331.06,1.0,Standard,Single,0,0,23331.06,539.0
192,90000,0.1596,14364.0,1559.61,77195.61,1.15,Standard,Single,1,0,67126.62,578.0
193,120000,0.2252,27024.0,6655.9,99631.9,1.15,Standard,Married Joint,0,0,86636.43,585.0
194,70000,0.1471,10297.0,3694.74,63397.74,0.95,Standard,Single,0,0,66734.46,605.0
195,50000,0.1399,6995.0,2481.29,45486.29,1.0,Standard,Single,2,0,45486.29,569.0
196,50000,0.0966,4830.0,2111.48,47281.48,1.15,Standard,Married Joint,2,1,41114.33,644.0
197,70000,0.1531,10717.0,4624.11,63907.11,0.85,Itemized,Single,0,0,75184.84,652.0
198,90000,0.1073,9657.0,5447.53,85790.53,0.85,Itemized,Single,0,0,100930.04,689.0
199,90000,0.1325,11925.0,3727.12,81802.12,0.95,Standard,Single,0,0,86107.49,631.0
200,90000,0.2028,18252.0,4907.05,76655.05,1.0,Standard,Head of Household,1,1,76655.05,695.0
201,70000,0.1902,13314.0,2528.34,59214.34,0.95,Standard,Married Separate,1,0,62330.88,586.0
202,25000,0.1494,3735.0,-129.62,21135.38,1.25,Standard,Single,1,0,16908.3,504.0
203,35000,0.1143,4000.5,1123.28,32122.78,1.0,Standard,Married Joint,0,0,32122.78,551.0
204,90000,0.1786,16074.0,5362.39,79288.39,1.0,Itemized,Married Joint,1,0,79288.39,626.0
205,70000,0.1666,11662.0,4453.13,62791.13,0.95,Standard,Married Joint,0,0,66095.93,599.0
206,15000,0.0952,1428.0,1263.09,14835.09,1.0,Standard,Married Joint,1,0,14835.09,527.0
207,25000,0.1818,4545.0,1975.1,22430.1,1.05,Standard,Married Joint,2,0,21362.0,520.0
208,70000,0.193,13510.0,4016.18,60506.18,1.05,Standard,Single,0,0,57624.93,566.0
209,15000,0.1234,1851.0,108.52,13257.52,1.05,Standard,Single,1,0,12626.21,518.0
210,35000,0.1441,5043.5,2181.92,32138.42,1.0,Standard,Single,2,0,32138.42,551.0
211,50000,0.1596,7980.0,3300.41,45320.41,1.15,Standard,Married Separate,2,0,39409.05,540.0
212,70000,0.1054,7378.0,4254.29,66876.29,1.15,Standard,Married Joint,3,0,58153.3,567.0
213,70000,0.1593,11151.0,4688.91,63537.91,1.05,Standard,Married Separate,2,0,60512.3,580.0
214,35000,0.1229,4301.5,2458.3,33156.8,0.85,Itemized,Head of Household,0,0,39008.0,605.0
215,70000,0.1366,9562.0,3851.45,64289.45,0.85,Standard,Single,1,1,75634.65,734.0
216,35000,0.1349,4721.5,2820.15,33098.65,0.95,Standard,Married Joint,1,0,34840.68,562.0
217,50000,0.2073,10365.0,2473.48,42108.48,1.05,Standard,Married Joint,1,0,40103.31,538.0
218,70000,0.1859,13013.0,2618.13,59605.13,1.0,Standard,Head of Household,1,0,59605.13,577.0
219,70000,0.1495,10465.0,3336.93,62871.93,1.0,Standard,Head of Household,1,1,62871.93,692.0
220,90000,0.1972,17748.0,3755.1,76007.1,1.15,Itemized,Married Joint,2,1,66093.13,686.0
221,70000,0.2086,14602.0,2824.82,58222.82,1.15,Standard,Single,2,0,50628.54,542.0
222,70000,0.1944,13608.0,3355.48,59747.48,1.15,Standard,Married Joint,0,0,51954.33,547.0
223,25000,0.1385,3462.5,457.58,21995.08,1.0,Standard,Single,0,0,21995.08,537.0
224,50000,0.1339,6695.0,2192.04,45497.04,1.05,Standard,Married Joint,1,0,43330.51,559.0
225,35000,0.1643,5750.5,-143.61,29105.89,0.95,Itemized,Head of Household,1,1,30637.78,670.0
226,35000,0.1551,5428.5,1963.29,31534.79,0.95,Itemized,Single,0,0,33194.52,578.0
227,150000,0.2469,37035.0,7501.21,120466.21,0.95,Standard,Married Joint,1,0,126806.54,656.0
228,50000,0.1724,8620.0,1682.91,43062.91,1.0,Itemized,Single,1,1,43062.91,679.0
229,90000,0.2115,19035.0,5159.25,76124.25,1.0,Standard,Single,1,1,76124.25,692.0
230,70000,0.1506,10542.0,4437.57,63895.57,1.15,Itemized,Single,2,0,55561.37,584.0
231,90000,0.2195,19755.0,2892.44,73137.44,0.95,Standard,Married Joint,0,0,76986.78,597.0
232,50000,0.1593,7965.0,1737.28,43772.28,1.05,Itemized,Head of Household,3,0,41687.89,575.0
233,70000,0.2289,16023.0,2730.86,56707.86,1.0,Itemized,Head of Household,0,1,56707.86,680.0
234,50000,0.1327,6635.0,1560.1,44925.1,0.95,Standard,Single,1,1,47289.58,678.0
235,35000,0.1954,6839.0,2579.47,30740.47,1.0,Standard,Married Separate,0,0,30740.47,535.0
236,70000,0.1726,12082.0,3306.17,61224.17,0.95,Itemized,Married Joint,0,0,64446.49,614.0
237,35000,0.1238,4333.0,1485.49,32152.49,1.0,Itemized,Single,1,1,32152.49,671.0
238,15000,0.1155,1732.5,-1253.86,12013.64,1.0,Standard,Single,0,0,12013.64,511.0
239,70000,0.1571,10997.0,4135.42,63138.42,0.95,Standard,Single,0,0,66461.49,602.0
240,35000,0.1561,5463.5,510.74,30047.24,0.95,Standard,Head of Household,2,1,31628.67,655.0
241,120000,0.2157,25884.0,6059.93,100175.93,1.0,Standard,Married Joint,1,0,100175.93,623.0
242,120000,0.1828,21936.0,6277.38,104341.38,1.15,Standard,Married Joint,1,0,90731.63,603.0
243,120000,0.1993,23916.0,7360.66,103444.66,1.0,Standard,Single,0,1,103444.66,732.0
244,50000,0.2176,10880.0,1191.18,40311.18,1.05,Itemized,Married Joint,2,1,38391.6,653.0
245,15000,0.1818,2727.0,-2269.51,10003.49,1.05,Standard,Single,1,0,9527.13,483.0
246,120000,0.2131,25572.0,6183.85,100611.85,1.15,Itemized,Single,0,0,87488.57,610.0
247,50000,0.1545,7725.0,4300.51,46575.51,1.15,Standard,Married Joint,0,0,40500.44,542.0
248,120000,0.2036,24432.0,7238.95,102806.95,1.0,Standard,Single,0,0,102806.95,630.0
249,120000,0.2184,26208.0,6209.66,100001.66,1.05,Standard,Married Separate,0,0,95239.68,609.0
250,90000,0.1493,13437.0,4008.36,80571.36,1.15,Standard,Single,1,1,70062.05,684.0
251,35000,0.1356,4746.0,2557.12,32811.12,1.0,Standard,Married Joint,0,0,32811.12,552.0
252,50000,0.1033,5165.0,1526.45,46361.45,1.0,Standard,Single,2,0,46361.45,570.0
253,90000,0.192,17280.0,4976.36,77696.36,0.85,Standard,Married Joint,0,0,91407.48,641.0
254,50000,0.1727,8635.0,3005.47,44370.47,1.15,Standard,Single,0,1,38583.02,635.0
255,35000,0.1288,4508.0,2810.21,33302.21,1.15,Standard,Single,2,0,28958.44,528.0
256,70000,0.2139,14973.0,6259.66,61286.66,0.95,Standard,Head of Household,3,0,64512.27,582.0
257,120000,0.1632,19584.0,6392.42,106808.42,1.0,Itemized,Single,0,0,106808.42,667.0
258,70000,0.1227,8589.0,2991.04,64402.04,1.0,Itemized,Married Separate,2,0,64402.04,614.0
259,70000,0.1734,12138.0,3474.43,61336.43,0.95,Standard,Head of Household,1,0,64564.66,594.0
260,25000,0.1681,4202.5,-519.08,20278.42,1.25,Standard,Single,1,0,16222.74,496.0
261,70000,0.2172,15204.0,2805.29,57601.29,0.95,Standard,Single,2,0,60632.94,576.0
262,150000,0.2062,30930.0,7090.72,126160.72,0.85,Itemized,Married Joint,1,0,148424.38,733.0
263,25000,0.169,4225.0,725.91,21500.91,1.0,Standard,Head of Household,2,0,21500.91,531.0
264,50000,0.1522,7610.0,2652.35,45042.35,1.05,Standard,Head of Household,1,0,42897.48,558.0
265,90000,0.1748,15732.0,3677.58,77945.58,0.85,Standard,Married Joint,1,0,91700.68,647.0
266,70000,0.1932,13524.0,4621.03,61097.03,1.05,Standard,Married Joint,1,0,58187.65,567.0
267,70000,0.1862,13034.0,3500.21,60466.21,1.0,Standard,Single,0,0,60466.21,578.0
268,70000,0.1194,8358.0,3490.7,65132.7,0.95,Itemized,Head of Household,2,0,68560.74,627.0
269,50000,0.1976,9880.0,2172.11,42292.11,0.95,Standard,Head of Household,2,0,44518.01,560.0
270,35000,0.1847,6464.5,1905.19,30440.69,1.0,Standard,Single,0,0,30440.69,538.0
271,90000,0.1612,14508.0,5325.1,80817.1,0.95,Standard,Single,1,0,85070.63,626.0
272,90000,0.1919,17271.0,3632.87,76361.87,1.15,Standard,Single,4,0,66401.63,568.0
273,90000,0.1948,17532.0,3841.88,76309.88,1.15,Itemized,Single,1,1,66356.42,687.0
274,120000,0.2078,24936.0,5696.27,100760.27,1.25,Standard,Married Separate,1,1,80608.22,674.0
275,50000,0.1368,6840.0,1154.13,44314.13,0.95,Itemized,Single,1,0,46646.45,597.0
276,50000,0.1332,6660.0,1680.74,45020.74,1.25,Standard,Single,0,0,36016.59,529.0
277,90000,0.1792,16128.0,4023.78,77895.78,1.0,Standard,Single,0,0,77895.78,604.0
278,70000,0.2018,14126.0,4374.39,60248.39,1.0,Itemized,Head of Household,1,0,60248.39,593.0
279,70000,0.183,12810.0,3762.56,60952.56,0.85,Standard,Married Joint,0,0,71708.89,617.0
280,90000,0.1689,15201.0,4693.59,79492.59,0.85,Itemized,Single,1,0,93520.69,671.0
281,90000,0.2032,18288.0,5350.9,77062.9,1.05,Standard,Single,1,0,73393.24,584.0
282,50000,0.0679,3395.0,2362.63,48967.63,1.0,Itemized,Head of Household,2,1,48967.63,693.0
283,50000,0.1878,9390.0,2890.46,43500.46,0.95,Standard,Married Separate,1,0,45789.96,565.0
284,25000,0.0845,2112.5,1146.78,24034.28,1.05,Standard,Single,1,1,22889.79,631.0
285,70000,0.1558,10906.0,3765.36,62859.36,0.95,Itemized,Single,0,1,66167.75,722.0
286,15000,0.0964,1446.0,167.24,13721.24,1.0,Itemized,Single,2,0,13721.24,546.0
287,50000,0.1145,5725.0,61.18,44336.18,1.0,Itemized,Single,0,0,44336.18,587.0
288,50000,0.1882,9410.0,2365.72,42955.72,1.15,Itemized,Married Joint,0,0,37352.8,550.0
289,35000,0.1293,4525.5,3172.75,33647.25,1.15,Itemized,Head of Household,2,0,29258.48,548.0
290,70000,0.1771,12397.0,4426.22,62029.22,1.0,Standard,Single,0,0,62029.22,583.0
291,15000,0.1286,1929.0,1715.4,14786.4,1.0,Standard,Married Separate,2,0,14786.4,527.0
292,15000,0.1443,2164.5,1986.13,14821.63,1.0,Standard,Single,0,0,14821.63,527.0
293,90000,0.1823,16407.0,4588.66,78181.66,1.15,Standard,Married Joint,1,1,67984.05,672.0
294,50000,0.1148,5740.0,2697.32,46957.32,1.0,Standard,Married Joint,0,0,46957.32,571.0
295,25000,0.1666,4165.0,632.35,21467.35,0.95,Standard,Single,2,1,22597.21,640.0
296,50000,0.1385,6925.0,2183.93,45258.93,0.85,Standard,Single,0,0,53245.8,603.0
297,90000,0.1333,11997.0,5115.77,83118.77,1.0,Standard,Married Joint,0,1,83118.77,720.0
298,35000,0.1305,4567.5,2953.88,33386.38,1.0,Standard,Single,0,0,33386.38,552.0
299,70000,0.2117,14819.0,3360.55,58541.55,1.15,Standard,Single,1,0,50905.7,541.0
300,25000,0.1622,4055.0,799.81,21744.81,0.95,Standard,Married Joint,2,1,22889.27,642.0
301,25000,0.1262,3155.0,1250.53,23095.53,1.0,Itemized,Head of Household,0,0,23095.53,559.0
302,50000,0.1429,7145.0,3101.21,45956.21,1.15,Standard,Single,3,0,39961.92,543.0
303,50000,0.1437,7185.0,1056.15,43871.15,1.15,Standard,Married Separate,2,0,38148.83,542.0
304,70000,0.229,16030.0,1203.82,55173.82,1.0,Standard,Single,0,0,55173.82,558.0
305,70000,0.1781,12467.0,2949.46,60482.46,1.0,Standard,Married Joint,2,0,60482.46,581.0
306,150000,0.2329,34935.0,6279.29,121344.29,1.0,Standard,Married Joint,1,1,121344.29,746.0
307,50000,0.1842,9210.0,1991.86,42781.86,1.15,Standard,Married Separate,0,0,37201.62,531.0
308,50000,0.1605,8025.0,2352.22,44327.22,0.95,Standard,Single,0,0,46660.23,574.0
309,90000,0.1722,15498.0,4046.75,78548.75,1.15,Standard,Married Joint,1,1,68303.26,676.0
310,35000,0.1374,4809.0,3202.47,33393.47,1.05,Standard,Married Joint,1,0,31803.3,544.0
311,50000,0.1512,7560.0,2826.74,45266.74,1.0,Itemized,Single,0,0,45266.74,588.0
312,25000,0.1355,3387.5,1550.47,23162.97,0.85,Itemized,Single,1,1,27250.55,689.0
313,15000,0.1518,2277.0,1372.21,14095.21,1.0,Standard,Single,2,0,14095.21,526.0
314,120000,0.2016,24192.0,4861.17,100669.17,1.0,Standard,Single,0,0,100669.17,628.0
315,90000,0.202,18180.0,5539.11,77359.11,0.95,Standard,Married Separate,1,0,81430.64,608.0
316,70000,0.1642,11494.0,3424.24,61930.24,1.05,Standard,Single,1,0,58981.18,576.0
317,50000,0.1557,7785.0,3170.48,45385.48,1.25,Itemized,Single,3,0,36308.38,547.0
318,35000,0.0834,2919.0,678.14,32759.14,1.0,Standard,Married Joint,1,0,32759.14,552.0
319,35000,0.1708,5978.0,196.24,29218.24,1.05,Itemized,Single,1,1,27826.9,653.0
320,35000,0.1537,5379.5,2567.89,32188.39,0.85,Standard,Married Joint,2,0,37868.69,582.0
321,50000,0.1833,9165.0,2876.41,43711.41,1.0,Itemized,Single,2,0,43711.41,576.0
322,70000,0.0798,5586.0,2597.95,67011.95,0.95,Standard,Head of Household,0,1,70538.89,710.0
323,70000,0.2293,16051.0,2630.34,56579.34,1.05,Itemized,Married Separate,2,0,53885.09,571.0
324,35000,0.1391,4868.5,2875.43,33006.93,1.15,Standard,Married Separate,2,1,28701.68,628.0
325,120000,0.2332,27984.0,4810.59,96826.59,1.05,Standard,Single,0,0,92215.8,601.0
326,70000,0.1355,9485.0,5142.67,65657.67,0.85,Standard,Married Joint,2,1,77244.32,736.0
327,70000,0.185,12950.0,2599.38,59649.38,1.0,Standard,Single,0,0,59649.38,577.0
328,70000,0.1351,9457.0,4138.39,64681.39,1.0,Itemized,Single,2,0,64681.39,615.0
329,50000,0.1346,6730.0,2171.38,45441.38,1.0,Itemized,Single,1,0,45441.38,589.0
330,35000,0.2008,7028.0,2353.19,30325.19,1.15,Itemized,Married Joint,2,0,26369.73,531.0
331,50000,0.1476,7380.0,1955.89,44575.89,1.15,Standard,Single,0,1,38761.64,642.0
332,90000,0.1865,16785.0,4337.21,77552.21,1.05,Itemized,Married Joint,1,0,73859.25,610.0
333,15000,0.1561,2341.5,790.92,13449.42,1.0,Standard,Single,1,0,13449.42,524.0
334,25000,0.1515,3787.5,247.81,21460.31,0.95,Standard,Single,1,1,22589.8,644.0
335,15000,0.1345,2017.5,1490.82,14473.32,0.95,Standard,Married Joint,2,0,15235.07,536.0
336,15000,0.1409,2113.5,236.79,13123.29,1.0,Standard,Single,1,0,13123.29,525.0
337,90000,0.2521,22689.0,4271.4,71582.4,1.0,Standard,Married Joint,1,0,71582.4,573.0
338,70000,0.1649,11543.0,2505.65,60962.65,1.05,Standard,Single,1,0,58059.67,575.0
339,50000,0.1594,7970.0,-62.33,41967.67,1.05,Standard,Married Separate,2,0,39969.21,552.0
340,25000,0.1682,4205.0,1058.97,21853.97,0.85,Itemized,Married Joint,3,1,25710.55,680.0
341,50000,0.1865,9325.0,4912.62,45587.62,1.0,Standard,Single,0,0,45587.62,558.0
342,50000,0.1889,9445.0,3284.6,43839.6,0.95,Standard,Single,1,0,46146.95,565.0
343,35000,0.1625,5687.5,1730.74,31043.24,0.95,Standard,Married Joint,1,1,32677.09,655.0
344,50000,0.119,5950.0,2237.11,46287.11,1.15,Standard,Married Separate,0,0,40249.66,544.0
345,50000,0.2023,10115.0,2522.47,42407.47,0.85,Standard,Single,1,0,49891.14,581.0
346,70000,0.1323,9261.0,4047.12,64786.12,1.0,Standard,Single,1,0,64786.12,595.0
347,70000,0.1757,12299.0,2319.19,60020.19,0.95,Standard,Married Separate,0,0,63179.15,592.0
348,15000,0.1074,1611.0,1864.32,15253.32,1.15,Standard,Married Joint,0,0,13263.76,505.0
349,50000,0.1514,7570.0,3215.38,45645.38,1.0,Standard,Single,1,0,45645.38,569.0
350,70000,0.1765,12355.0,4218.19,61863.19,0.95,Itemized,Single,1,0,65119.15,614.0
351,50000,0.163,8150.0,2938.48,44788.48,1.0,Standard,Single,4,1,44788.48,664.0
352,90000,0.1927,17343.0,4519.62,77176.62,1.05,Standard,Married Joint,0,0,73501.54,588.0
353,70000,0.2151,15057.0,4172.86,59115.86,1.25,Itemized,Single,0,1,47292.69,646.0
354,35000,0.1569,5491.5,2341.81,31850.31,0.95,Standard,Head of Household,3,0,33526.64,558.0
355,25000,0.1293,3232.5,895.96,22663.46,1.15,Standard,Single,2,0,19707.36,516.0
356,70000,0.1956,13692.0,2926.4,59234.4,1.15,Itemized,Single,1,0,51508.17,567.0
357,15000,0.1657,2485.5,851.86,13366.36,1.15,Standard,Married Joint,1,1,11622.92,601.0
358,70000,0.1298,9086.0,5049.02,65963.02,1.05,Standard,Head of Household,1,0,62821.92,585.0
359,120000,0.2179,26148.0,4760.89,98612.89,1.05,Standard,Married Separate,2,0,93917.04,608.0
360,70000,0.1877,13139.0,2032.47,58893.47,1.0,Standard,Single,2,1,58893.47,676.0
361,50000,0.1444,7220.0,2664.76,45444.76,1.05,Standard,Married Joint,1,0,43280.72,559.0
362,70000,0.2079,14553.0,3550.89,58997.89,1.0,Standard,Married Joint,0,1,58997.89,670.0
363,50000,0.1488,7440.0,2673.34,45233.34,1.05,Standard,Single,2,0,43079.37,559.0
364,50000,0.1571,7855.0,2743.95,44888.95,1.0,Standard,Single,3,1,44888.95,666.0
365,120000,0.1948,23376.0,5776.8,102400.8,1.05,Standard,Single,1,1,97524.57,719.0
366,50000,0.1538,7690.0,3989.86,46299.86,1.15,Standard,Single,1,0,40260.75,542.0
367,120000,0.1671,20052.0,4399.1,104347.1,0.95,Standard,Head of Household,0,0,109839.05,657.0
368,120000,0.1568,18816.0,5171.5,106355.5,1.15,Standard,Single,1,0,92483.04,613.0
369,35000,0.1912,6692.0,1646.75,29954.75,1.0,Standard,Head of Household,0,1,29954.75,636.0
370,25000,0.1113,2782.5,-393.19,21824.31,1.15,Itemized,Married Joint,0,0,18977.66,534.0
371,25000,0.1069,2672.5,1074.15,23401.65,1.0,Standard,Married Joint,1,0,23401.65,539.0
372,15000,0.0654,981.0,2411.47,16430.47,1.0,Standard,Married Joint,1,0,16430.47,530.0
373,25000,0.1175,2937.5,1270.89,23333.39,1.15,Standard,Single,0,0,20289.9,517.0
374,70000,0.127,8890.0,3730.7,64840.7,0.95,Standard,Single,1,0,68253.37,607.0
375,25000,0.1859,4647.5,-10.16,20342.34,1.15,Itemized,Single,0,0,17688.99,525.0
376,50000,0.1836,9180.0,1883.64,42703.64,1.0,Standard,Married Joint,0,0,42703.64,555.0
377,90000,0.1594,14346.0,4124.8,79778.8,1.0,Itemized,Single,2,0,79778.8,632.0
378,15000,0.1976,2964.0,432.28,12468.28,1.0,Standard,Married Joint,2,0,12468.28,510.0
379,90000,0.2095,18855.0,5781.64,76926.64,1.0,Standard,Single,0,0,76926.64,593.0
380,35000,0.1336,4676.0,2307.69,32631.69,1.0,Standard,Single,2,1,32631.69,651.0
381,25000,0.0617,1542.5,138.54,23596.04,0.85,Itemized,Single,0,1,27760.05,690.0
382,70000,0.2354,16478.0,3746.5,57268.5,0.95,Standard,Head of Household,0,0,60282.63,570.0
383,70000,0.125,8750.0,3998.22,65248.22,0.85,Standard,Married Joint,1,0,76762.61,636.0
384,90000,0.1306,11754.0,5640.15,83886.15,1.25,Standard,Single,1,0,67108.92,570.0
385,70000,0.1973,13811.0,5080.54,61269.54,1.25,Standard,Married Joint,0,0,49015.63,533.0
386,90000,0.2532,22788.0,3484.91,70696.91,1.0,Itemized,Single,3,0,70696.91,592.0
387,35000,0.1849,6471.5,939.14,29467.64,1.05,Standard,Head of Household,0,0,28064.42,529.0
388,35000,0.1603,5610.5,492.42,29881.92,1.0,Standard,Married Joint,1,0,29881.92,545.0
389,90000,0.1978,17802.0,4265.98,76463.98,1.05,Itemized,Single,1,1,72822.84,705.0
390,90000,0.2056,18504.0,4966.36,76462.36,1.15,Standard,Married Joint,1,0,66489.01,564.0
391,150000,0.2428,36420.0,8487.33,122067.33,1.15,Itemized,Single,1,0,106145.5,627.0
392,50000,0.1618,8090.0,2424.05,44334.05,1.0,Standard,Head of Household,1,0,44334.05,564.0
393,50000,0.1565,7825.0,2180.15,44355.15,1.05,Standard,Single,1,1,42243.0,656.0
394,90000,0.1781,16029.0,4651.76,78622.76,0.95,Itemized,Married Joint,2,0,82760.8,637.0
395,50000,0.1307,6535.0,1664.86,45129.86,1.25,Standard,Single,1,0,36103.89,529.0
396,120000,0.1916,22992.0,8089.54,105097.54,0.85,Standard,Married Joint,2,0,123644.16,685.0
397,90000,0.1292,11628.0,2892.34,81264.34,1.05,Standard,Married Joint,0,0,77394.61,605.0
398,50000,0.1504,7520.0,2684.74,45164.74,1.05,Standard,Married Joint,0,0,43014.04,559.0
399,90000,0.1503,13527.0,6523.61,82996.61,1.05,Standard,Married Joint,1,0,79044.39,607.0
400,90000,0.1469,13221.0,4506.8,81285.8,0.95,Itemized,Married Separate,1,0,85564.0,650.0
401,25000,0.1421,3552.5,1059.96,22507.46,1.15,Standard,Single,1,0,19571.7,516.0
402,120000,0.2418,29016.0,5642.55,96626.55,0.95,Standard,Single,1,0,101712.16,623.0
403,50000,0.1809,9045.0,2319.61,43274.61,1.05,Itemized,Single,1,1,41213.91,668.0
404,90000,0.1329,11961.0,5872.85,83911.85,0.95,Standard,Head of Household,0,0,88328.26,634.0
405,50000,0.1236,6180.0,288.14,44108.14,1.0,Standard,Single,0,1,44108.14,667.0
406,90000,0.2082,18738.0,6033.43,77295.43,1.0,Standard,Married Joint,1,0,77295.43,594.0
407,50000,0.1239,6195.0,1076.04,44881.04,1.0,Itemized,Married Joint,1,0,44881.04,588.0
408,15000,0.1233,1849.5,483.35,13633.85,0.95,Standard,Single,3,0,14351.42,534.0
409,120000,0.2165,25980.0,5570.76,99590.76,0.95,Itemized,Single,0,0,104832.38,655.0
410,25000,0.1076,2690.0,1838.55,24148.55,1.0,Itemized,Single,0,1,24148.55,660.0
411,50000,0.1565,7825.0,901.88,43076.88,1.05,Standard,Single,0,1,41025.6,655.0
412,120000,0.16,19200.0,6462.17,107262.17,1.15,Standard,Single,1,0,93271.45,613.0
413,120000,0.182,21840.0,8024.31,106184.31,0.85,Itemized,Single,2,0,124922.72,710.0
414,70000,0.1763,12341.0,2136.83,59795.83,1.0,Standard,Married Separate,1,0,59795.83,580.0
415,70000,0.1189,8323.0,3689.71,65366.71,0.95,Itemized,Head of Household,0,0,68807.06,628.0
416,50000,0.1665,8325.0,1838.02,43513.02,0.85,Itemized,Single,1,0,51191.79,615.0
417,35000,0.1427,4994.5,2175.89,32181.39,1.05,Standard,Single,2,0,30648.94,542.0
418,50000,0.1699,8495.0,2519.15,44024.15,1.05,Standard,Single,0,1,41927.76,652.0
419,70000,0.1734,12138.0,2858.51,60720.51,0.95,Itemized,Married Joint,1,0,63916.33,613.0
420,90000,0.2209,19881.0,4987.87,75106.87,0.95,Itemized,Married Separate,0,1,79059.86,719.0
421,90000,0.1838,16542.0,6304.35,79762.35,0.85,Standard,Single,3,1,93838.06,747.0
422,90000,0.1671,15039.0,4309.1,79270.1,1.15,Standard,Single,2,1,68930.52,678.0
423,25000,0.1403,3507.5,1969.76,23462.26,1.25,Standard,Married Joint,2,0,18769.81,505.0
424,50000,0.1696,8480.0,1206.73,42726.73,0.95,Standard,Married Joint,1,0,44975.51,569.0
425,25000,0.1381,3452.5,293.56,21841.06,0.95,Standard,Single,1,0,22990.59,545.0
426,50000,0.1546,7730.0,2972.41,45242.41,1.15,Standard,Married Joint,3,0,39341.23,541.0
427,50000,0.1323,6615.0,3984.12,47369.12,1.15,Standard,Single,1,0,41190.54,544.0
428,90000,0.1601,14409.0,4855.61,80446.61,1.0,Standard,Single,0,1,80446.61,713.0
429,50000,0.1113,5565.0,2186.94,46621.94,0.85,Standard,Married Joint,1,1,54849.34,706.0
430,25000,0.1892,4730.0,1249.29,21519.29,0.85,Standard,Married Separate,1,1,25316.81,653.0
431,25000,0.0994,2485.0,-0.41,22514.59,1.0,Standard,Single,1,1,22514.59,638.0
432,90000,0.1592,14328.0,5104.52,80776.52,1.0,Standard,Head of Household,3,0,80776.52,614.0
433,70000,0.1451,10157.0,4382.33,64225.33,0.85,Standard,Single,0,0,75559.21,634.0
434,25000,0.1635,4087.5,797.91,21710.41,1.0,Standard,Married Joint,1,0,21710.41,533.0
435,25000,0.1278,3195.0,779.96,22584.96,0.85,Standard,Single,1,0,26570.54,567.0
436,70000,0.2041,14287.0,3765.88,59478.88,1.05,Standard,Married Separate,0,1,56646.55,662.0
437,25000,0.1165,2912.5,813.28,22900.78,1.0,Itemized,Head of Household,2,0,22900.78,558.0
438,90000,0.1884,16956.0,4433.87,77477.87,0.85,Standard,Single,0,0,91150.44,642.0
439,70000,0.1416,9912.0,5599.72,65687.72,1.0,Itemized,Head of Household,0,0,65687.72,616.0
440,25000,0.201,5025.0,1002.97,20977.97,1.0,Standard,Married Separate,2,0,20977.97,520.0
441,25000,0.101,2525.0,891.66,23366.66,1.25,Standard,Married Joint,0,0,18693.33,505.0
442,150000,0.2293,34395.0,6852.46,122457.46,1.0,Itemized,Single,2,1,122457.46,769.0
443,50000,0.1723,8615.0,3244.19,44629.19,0.95,Standard,Married Separate,0,0,46978.09,571.0
444,50000,0.1657,8285.0,2318.78,44033.78,1.05,Standard,Married Separate,0,0,41936.93,553.0
445,90000,0.1744,15696.0,3850.63,78154.63,0.95,Standard,Single,2,0,82268.03,618.0
446,120000,0.1961,23532.0,7321.3,103789.3,1.15,Standard,Head of Household,1,0,90251.57,598.0
447,150000,0.2213,33195.0,8919.6,125724.6,1.0,Standard,Single,1,0,125724.6,656.0
448,90000,0.1756,15804.0,3899.58,78095.58,1.0,Standard,Single,2,1,78095.58,705.0
449,50000,0.1822,9110.0,633.46,41523.46,0.85,Standard,Married Joint,0,0,48851.13,586.0
450,25000,0.203,5075.0,2257.51,22182.51,1.0,Standard,Married Joint,0,0,22182.51,521.0
451,90000,0.1633,14697.0,3815.37,79118.37,1.15,Itemized,Married Joint,0,0,68798.58,599.0
452,70000,0.1256,8792.0,4290.63,65498.63,1.15,Standard,Single,1,0,56955.33,566.0
453,50000,0.1507,7535.0,529.9,42994.9,0.95,Standard,Head of Household,1,0,45257.79,575.0
454,120000,0.2774,33288.0,6892.6,93604.6,0.95,Itemized,Single,1,0,98531.16,628.0
455,25000,0.1126,2815.0,38.83,22223.83,1.15,Standard,Single,0,0,19325.07,516.0
456,50000,0.2025,10125.0,3230.76,43105.76,1.15,Standard,Single,0,1,37483.27,625.0
457,15000,0.1803,2704.5,764.27,13059.77,0.85,Standard,Married Joint,0,0,15364.44,542.0
458,50000,0.1367,6835.0,1546.06,44711.06,1.0,Standard,Head of Household,2,0,44711.06,568.0
459,25000,0.1537,3842.5,842.96,22000.46,1.0,Standard,Married Joint,1,0,22000.46,536.0
460,25000,0.1855,4637.5,1936.32,22298.82,1.15,Itemized,Married Separate,0,0,19390.28,526.0
461,25000,0.1253,3132.5,1355.89,23223.39,0.85,Itemized,Single,0,1,27321.64,689.0
462,70000,0.1606,11242.0,4084.41,62842.41,0.95,Standard,Married Joint,1,1,66149.91,701.0
463,70000,0.1492,10444.0,5476.44,65032.44,1.05,Standard,Single,0,0,61935.66,584.0
464,70000,0.1362,9534.0,1935.76,62401.76,0.85,Standard,Single,0,1,73413.84,730.0
465,120000,0.1805,21660.0,7617.21,105957.21,1.0,Standard,Single,0,1,105957.21,741.0
466,50000,0.1166,5830.0,2604.36,46774.36,1.0,Itemized,Married Joint,1,1,46774.36,691.0
467,35000,0.1444,5054.0,851.22,30797.22,1.0,Standard,Married Joint,0,0,30797.22,549.0
468,90000,0.1569,14121.0,3169.69,79048.69,1.0,Standard,Married Joint,1,0,79048.69,612.0
469,35000,0.1503,5260.5,1560.88,31300.38,1.0,Itemized,Single,2,0,31300.38,570.0
470,120000,0.1533,18396.0,6921.65,108525.65,0.95,Standard,Single,1,1,114237.53,768.0
471,15000,0.1399,2098.5,622.45,13523.95,1.0,Standard,Married Joint,1,0,13523.95,526.0
472,120000,0.225,27000.0,7511.15,100511.15,1.15,Standard,Single,0,0,87401.0,586.0
473,15000,0.0702,1053.0,-701.18,13245.82,1.05,Itemized,Married Separate,3,0,12615.07,531.0
474,90000,0.1912,17208.0,4487.91,77279.91,0.95,Standard,Married Joint,1,0,81347.27,612.0
475,50000,0.1902,9510.0,1247.61,41737.61,0.95,Itemized,Single,0,0,43934.33,581.0
476,150000,0.1837,27555.0,7863.63,130308.63,0.95,Standard,Head of Household,1,1,137166.98,789.0
477,25000,0.1868,4670.0,2136.89,22466.89,1.0,Itemized,Married Joint,1,0,22466.89,547.0
478,70000,0.1792,12544.0,3079.24,60535.24,1.0,Itemized,Single,1,1,60535.24,700.0
479,120000,0.1788,21456.0,3395.79,101939.79,1.05,Standard,Married Joint,2,0,97085.51,624.0
480,50000,0.1517,7585.0,2698.95,45113.95,0.85,Standard,Single,0,0,53075.24,602.0
481,70000,0.1834,12838.0,3936.74,61098.74,0.85,Standard,Married Separate,1,0,71880.87,617.0
482,70000,0.1689,11823.0,3904.29,62081.29,1.0,Standard,Married Separate,2,0,62081.29,585.0
483,50000,0.1695,8475.0,3735.78,45260.78,1.05,Standard,Head of Household,1,0,43105.5,553.0
484,70000,0.139,9730.0,2428.95,62698.95,0.95,Standard,Married Joint,0,0,65998.89,604.0
485,70000,0.1717,12019.0,4180.22,62161.22,1.05,Standard,Single,2,0,59201.16,574.0
486,120000,0.1576,18912.0,7192.51,108280.51,0.95,Standard,Married Joint,0,1,113979.48,766.0
487,15000,0.1267,1900.5,-1028.59,12070.91,1.15,Standard,Single,1,0,10496.44,496.0
488,35000,0.1162,4067.0,2069.65,33002.65,1.15,Standard,Married Joint,1,0,28697.96,528.0
489,120000,0.1779,21348.0,5495.82,104147.82,0.95,Standard,Married Joint,2,0,109629.28,654.0
490,90000,0.2171,19539.0,4418.48,74879.48,0.95,Itemized,Single,1,0,78820.51,620.0
491,50000,0.1861,9305.0,2847.68,43542.68,1.0,Standard,Single,1,0,43542.68,555.0
492,70000,0.1849,12943.0,3012.77,60069.77,0.95,Standard,Married Separate,2,0,63231.34,589.0
493,35000,0.1106,3871.0,1074.29,32203.29,1.05,Itemized,Married Separate,0,0,30669.8,562.0
494,35000,0.1338,4683.0,1784.15,32101.15,1.15,Standard,Single,1,0,27914.04,527.0
495,50000,0.1897,9485.0,1412.75,41927.75,1.05,Itemized,Single,1,0,39931.19,563.0
496,50000,0.1576,7880.0,1414.17,43534.17,1.15,Standard,Single,1,1,37855.8,639.0
497,70000,0.2362,16534.0,4179.37,57645.37,1.0,Standard,Married Separate,0,0,57645.37,559.0
498,25000,0.1485,3712.5,101.21,21388.71,0.95,Standard,Single,2,0,22514.43,545.0
499,150000,0.2258,33870.0,8166.31,124296.31,1.05,Standard,Married Joint,0,1,118377.44,738.0
500,150000,0.2107,31605.0,7962.59,126357.59,1.0,Standard,Single,4,0,126357.59,660.0
501,70000,0.1707,11949.0,1774.19,59825.19,1.05,Standard,Married Joint,0,0,56976.37,572.0
502,50000,0.1488,7440.0,1822.44,44382.44,0.95,Standard,Single,2,0,46718.36,577.0
503,50000,0.1746,8730.0,3694.11,44964.11,0.85,Standard,Married Joint,0,0,52898.95,595.0
504,90000,0.2087,18783.0,3518.83,74735.83,1.25,Standard,Single,1,0,59788.66,546.0
505,70000,0.1431,10017.0,3035.6,63018.6,0.95,Standard,Married Joint,1,0,66335.37,604.0
506,35000,0.1034,3619.0,2212.06,33593.06,1.25,Standard,Single,2,1,26874.45,615.0
507,120000,0.1449,17388.0,6783.39,109395.39,1.25,Standard,Married Joint,1,1,87516.31,698.0
508,90000,0.1952,17568.0,4248.46,76680.46,1.05,Itemized,Married Separate,1,0,73029.01,606.0
509,120000,0.1669,20028.0,5402.49,105374.49,1.05,Standard,Single,0,0,100356.66,631.0
510,70000,0.1021,7147.0,4922.37,67775.37,1.0,Itemized,Married Separate,0,0,67775.37,619.0
511,70000,0.1783,12481.0,5238.9,62757.9,1.15,Itemized,Married Joint,0,0,54572.09,575.0
512,50000,0.2281,11405.0,3478.86,42073.86,0.95,Standard,Single,0,0,44288.27,550.0
513,120000,0.1998,23976.0,6085.32,102109.32,1.0,Standard,Single,2,0,102109.32,630.0
514,90000,0.2052,18468.0,3691.73,75223.73,1.05,Standard,Single,1,0,71641.65,582.0
515,15000,0.1325,1987.5,-80.44,12932.06,1.0,Standard,Married Joint,1,0,12932.06,524.0
516,15000,0.127,1905.0,1272.51,14367.51,1.0,Standard,Married Joint,0,1,14367.51,627.0
517,50000,0.1809,9045.0,2918.4,43873.4,1.0,Standard,Single,0,0,43873.4,557.0
518,90000,0.1713,15417.0,5901.6,80484.6,1.0,Standard,Married Joint,2,1,80484.6,710.0
519,150000,0.228,34200.0,8150.45,123950.45,1.15,Standard,Married Separate,0,1,107783.0,713.0
520,35000,0.153,5355.0,246.92,29891.92,0.95,Standard,Head of Household,1,0,31465.18,556.0
521,70000,0.1466,10262.0,4551.95,64289.95,1.15,Standard,Married Joint,3,1,55904.3,665.0
522,50000,0.1831,9155.0,1501.94,42346.94,1.05,Itemized,Head of Household,1,0,40330.42,566.0
523,120000,0.1948,23376.0,5616.03,102240.03,1.15,Standard,Married Joint,1,0,88904.37,597.0
524,90000,0.1573,14157.0,4750.2,80593.2,1.0,Standard,Single,0,0,80593.2,614.0
525,90000,0.1961,17649.0,6495.67,78846.67,1.05,Standard,Married Separate,1,0,75092.07,589.0
526,50000,0.1264,6320.0,5609.92,49289.92,0.85,Standard,Single,3,0,57988.14,612.0
527,50000,0.1542,7710.0,3106.72,45396.72,1.15,Standard,Single,1,0,39475.41,542.0
528,35000,0.1431,5008.5,1566.8,31558.3,0.85,Standard,Single,2,0,37127.41,581.0
529,25000,0.1692,4230.0,1784.51,22554.51,1.15,Standard,Married Separate,1,0,19612.62,511.0
530,90000,0.1942,17478.0,5387.66,77909.66,1.25,Standard,Married Separate,0,0,62327.73,552.0
531,90000,0.1792,16128.0,4179.33,78051.33,0.95,Itemized,Single,1,0,82159.29,636.0
532,150000,0.2445,36675.0,9295.21,122620.21,0.95,Itemized,Single,1,0,129073.91,680.0
533,150000,0.2617,39255.0,7730.07,118475.07,1.05,Standard,Single,0,0,112833.4,620.0
534,70000,0.1834,12838.0,3997.74,61159.74,0.95,Standard,Married Joint,3,0,64378.67,591.0
535,90000,0.1803,16227.0,5165.92,78938.92,1.15,Standard,Single,1,0,68642.54,574.0
536,120000,0.1606,19272.0,6421.59,107149.59,0.95,Standard,Married Joint,0,1,112789.04,763.0
537,90000,0.148,13320.0,5338.94,82018.94,0.95,Standard,Single,0,0,86335.73,631.0
538,35000,0.1342,4697.0,1132.75,31435.75,1.25,Standard,Single,1,0,25148.6,514.0
539,50000,0.135,6750.0,1941.7,45191.7,1.05,Itemized,Single,1,0,43039.71,579.0
540,25000,0.1311,3277.5,149.85,21872.35,1.15,Standard,Single,1,1,19019.43,616.0
541,120000,0.2017,24204.0,6439.5,102235.5,1.0,Standard,Head of Household,0,0,102235.5,630.0
542,70000,0.1826,12782.0,4278.94,61496.94,1.05,Standard,Single,3,0,58568.51,570.0
543,35000,0.1412,4942.0,2207.77,32265.77,1.0,Standard,Single,1,0,32265.77,551.0
544,70000,0.1813,12691.0,5174.49,62483.49,1.05,Standard,Single,0,0,59508.09,572.0
545,70000,0.1686,11802.0,3494.4,61692.4,1.05,Itemized,Single,1,0,58754.67,595.0
546,50000,0.0941,4705.0,3168.74,48463.74,1.0,Standard,Single,1,0,48463.74,573.0
547,25000,0.1085,2712.5,158.3,22445.8,1.0,Standard,Single,2,1,22445.8,638.0
548,70000,0.1623,11361.0,3112.9,61751.9,0.95,Standard,Married Joint,1,0,65002.0,598.0
549,50000,0.117,5850.0,3195.54,47345.54,1.05,Standard,Married Joint,1,0,45090.99,561.0
550,90000,0.198,17820.0,5349.1,77529.1,0.95,Standard,Single,0,1,81609.58,710.0
551,50000,0.1993,9965.0,2206.03,42241.03,1.05,Standard,Single,0,0,40229.55,541.0
552,90000,0.2166,19494.0,4428.4,74934.4,0.95,Standard,Head of Household,0,1,78878.32,700.0
553,70000,0.1603,11221.0,1982.13,60761.13,1.05,Itemized,Single,1,0,57867.74,596.0
554,70000,0.2114,14798.0,3142.97,58344.97,1.05,Standard,Single,0,1,55566.64,658.0
555,90000,0.1845,16605.0,5390.38,78785.38,0.95,Standard,Single,1,0,82931.98,616.0
556,50000,0.1432,7160.0,3075.21,45915.21,0.85,Standard,Single,2,1,54017.89,705.0
557,25000,0.1183,2957.5,1750.67,23793.17,0.95,Itemized,Married Joint,2,1,25045.44,669.0
558,15000,0.1209,1813.5,799.77,13986.27,1.05,Standard,Single,1,0,13320.26,519.0
559,90000,0.1684,15156.0,4507.06,79351.06,1.15,Standard,Married Joint,2,0,69000.92,578.0
560,70000,0.1718,12026.0,2839.68,60813.68,0.85,Standard,Single,2,0,71545.51,620.0
561,70000,0.1715,12005.0,4198.83,62193.83,1.05,Standard,Single,1,1,59232.22,675.0
562,35000,0.1434,5019.0,2170.97,32151.97,1.0,Standard,Married Joint,2,0,32151.97,551.0
563,25000,0.1498,3745.0,1742.02,22997.02,1.0,Itemized,Single,0,0,22997.02,558.0
564,15000,0.1657,2485.5,223.97,12738.47,1.15,Standard,Married Joint,1,0,11076.93,501.0
565,50000,0.1818,9090.0,346.66,41256.66,1.0,Standard,Single,0,0,41256.66,554.0
566,70000,0.1221,8547.0,4597.15,66050.15,1.0,Standard,Married Joint,1,0,66050.15,597.0
567,50000,0.0767,3835.0,2021.16,48186.16,0.85,Itemized,Single,1,1,56689.6,729.0
568,50000,0.1814,9070.0,1637.22,42567.22,0.85,Standard,Married Separate,0,0,50079.08,588.0
569,120000,0.159,19080.0,6693.48,107613.48,0.95,Standard,Single,1,1,113277.35,765.0
570,50000,0.1466,7330.0,2107.99,44777.99,0.85,Standard,Married Separate,0,0,52679.99,602.0
571,50000,0.1182,5910.0,3559.94,47649.94,1.05,Standard,Single,0,0,45380.9,562.0
572,90000,0.1259,11331.0,5117.01,83786.01,1.0,Standard,Married Joint,1,0,83786.01,620.0
573,50000,0.1696,8480.0,3183.57,44703.57,1.0,Standard,Single,0,0,44703.57,562.0
574,70000,0.1894,13258.0,2134.04,58876.04,0.95,Standard,Head of Household,0,1,61974.78,686.0
575,90000,0.1627,14643.0,5711.94,81068.94,0.95,Standard,Single,3,1,85335.73,726.0
576,120000,0.1223,14676.0,6261.25,111585.25,1.05,Standard,Single,1,0,106271.67,644.0
577,25000,0.1203,3007.5,880.72,22873.22,1.25,Standard,Single,1,0,18298.58,505.0
578,120000,0.2118,25416.0,6143.39,100727.39,0.85,Standard,Single,2,0,118502.81,671.0
579,50000,0.109,5450.0,723.76,45273.76,1.15,Itemized,Single,0,1,39368.49,663.0
580,35000,0.1488,5208.0,2158.65,31950.65,1.0,Itemized,Head of Household,0,1,31950.65,671.0
581,50000,0.1529,7645.0,1470.63,43825.63,1.0,Itemized,Head of Household,3,1,43825.63,686.0
582,150000,0.2374,35610.0,6147.33,120537.33,1.0,Itemized,Single,3,0,120537.33,664.0
583,50000,0.1569,7845.0,977.64,43132.64,0.85,Standard,Head of Household,1,0,50744.28,597.0
584,50000,0.1241,6205.0,3612.69,47407.69,0.85,Standard,Married Joint,2,0,55773.75,608.0
585,70000,0.2026,14182.0,2870.74,58688.74,1.05,Standard,Single,0,0,55894.04,561.0
586,35000,0.1386,4851.0,3283.73,33432.73,1.0,Standard,Married Joint,2,0,33432.73,553.0
587,25000,0.1358,3395.0,714.2,22319.2,1.15,Standard,Married Joint,1,0,19408.0,516.0
588,25000,0.1087,2717.5,-457.36,21825.14,1.0,Standard,Head of Household,2,0,21825.14,534.0
589,25000,0.1234,3085.0,133.48,22048.48,0.95,Itemized,Single,0,1,23208.93,666.0
590,35000,0.1168,4088.0,2985.81,33897.81,1.05,Standard,Married Joint,1,1,32283.63,644.0
591,25000,0.1315,3287.5,1094.1,22806.6,0.95,Standard,Single,1,0,24006.95,547.0
592,70000,0.218,15260.0,2951.71,57691.71,1.0,Itemized,Single,3,0,57691.71,585.0
593,35000,0.1022,3577.0,1910.02,33333.02,1.05,Standard,Single,1,0,31745.73,543.0
594,50000,0.1049,5245.0,3001.78,47756.78,1.15,Standard,Head of Household,0,1,41527.63,645.0
595,90000,0.2241,20169.0,5617.4,75448.4,1.05,Itemized,Married Separate,3,1,71855.62,696.0
596,50000,0.1471,7355.0,3948.5,46593.5,1.05,Standard,Married Joint,0,1,44374.76,661.0
597,70000,0.1466,10262.0,3140.23,62878.23,1.05,Standard,Married Joint,0,1,59884.03,682.0
598,35000,0.1745,6107.5,423.95,29316.45,1.15,Standard,Single,2,0,25492.57,518.0
599,35000,0.1252,4382.0,1336.53,31954.53,0.95,Standard,Single,1,0,33636.35,560.0
600,15000,0.1848,2772.0,1010.28,13238.28,0.85,Itemized,Single,0,0,15574.45,561.0
601,35000,0.1637,5729.5,786.24,30056.74,0.95,Standard,Single,0,0,31638.67,553.0
602,35000,0.1287,4504.5,792.85,31288.35,0.95,Standard,Married Joint,1,1,32935.11,659.0
603,35000,0.2081,7283.5,2093.79,29810.29,1.05,Standard,Married Joint,1,0,28390.75,522.0
604,25000,0.1185,2962.5,1201.35,23238.85,1.05,Standard,Single,3,0,22132.24,531.0
605,25000,0.1589,3972.5,1282.8,22310.3,1.0,Itemized,Single,1,0,22310.3,555.0
606,50000,0.1623,8115.0,1741.5,43626.5,0.85,Standard,Single,2,1,51325.29,696.0
607,35000,0.1824,6384.0,1519.6,30135.6,1.05,Standard,Single,0,0,28700.57,530.0
608,50000,0.2002,10010.0,1575.77,41565.77,1.0,Standard,Head of Household,2,0,41565.77,548.0
609,50000,0.1543,7715.0,3390.2,45675.2,1.05,Standard,Married Joint,1,0,43500.19,558.0
610,70000,0.1441,10087.0,4535.25,64448.25,1.0,Itemized,Married Separate,0,0,64448.25,614.0
611,15000,0.1438,2157.0,-1096.19,11746.81,1.0,Standard,Single,1,0,11746.81,512.0
612,90000,0.1597,14373.0,3570.49,79197.49,0.95,Standard,Single,2,1,83365.78,724.0
613,70000,0.2271,15897.0,2003.47,56106.47,0.85,Standard,Single,1,0,66007.61,595.0
614,25000,0.1408,3520.0,599.98,22079.98,1.15,Itemized,Married Separate,1,1,19199.98,636.0
615,90000,0.169,15210.0,4416.56,79206.56,1.15,Standard,Married Joint,1,0,68875.27,577.0
616,120000,0.2055,24660.0,4550.35,99890.35,1.05,Itemized,Single,1,0,95133.67,633.0
617,25000,0.0963,2407.5,328.14,22920.64,0.95,Standard,Married Joint,0,1,24126.99,647.0
618,35000,0.1142,3997.0,746.04,31749.04,1.0,Itemized,Single,1,0,31749.04,570.0
619,90000,0.216,19440.0,4707.27,75267.27,1.05,Standard,Married Joint,1,0,71683.11,578.0
620,70000,0.147,10290.0,3569.34,63279.34,1.05,Standard,Head of Household,1,1,60266.04,682.0
621,35000,0.1119,3916.5,1028.26,32111.76,0.95,Standard,Married Joint,1,0,33801.85,560.0
622,35000,0.1594,5579.0,1926.82,31347.82,0.85,Standard,Married Joint,1,1,36879.79,678.0
623,50000,0.1889,9445.0,1953.32,42508.32,1.05,Itemized,Single,2,0,40484.11,564.0
624,50000,0.1749,8745.0,2228.34,43483.34,1.0,Itemized,Single,1,0,43483.34,579.0
625,70000,0.1965,13755.0,5173.45,61418.45,0.95,Standard,Single,1,0,64651.0,588.0
626,50000,0.1306,6530.0,3840.46,47310.46,0.85,Standard,Single,2,1,55659.36,708.0
627,50000,0.1107,5535.0,1200.42,45665.42,1.0,Standard,Married Joint,1,0,45665.42,569.0
628,70000,0.2117,14819.0,4329.73,59510.73,1.15,Itemized,Married Joint,1,1,51748.46,662.0
629,15000,0.1203,1804.5,1561.4,14756.9,1.25,Standard,Single,1,1,11805.52,594.0
630,35000,0.1358,4753.0,601.74,30848.74,1.0,Standard,Married Separate,0,0,30848.74,549.0
631,70000,0.2065,14455.0,4318.78,59863.78,1.0,Standard,Single,0,0,59863.78,571.0
632,90000,0.1967,17703.0,6037.93,78334.93,0.85,Standard,Single,0,0,92158.74,641.0
633,50000,0.167,8350.0,1377.46,43027.46,1.0,Standard,Single,0,0,43027.46,560.0
634,50000,0.2183,10915.0,1582.5,40667.5,1.0,Standard,Single,3,0,40667.5,542.0
635,25000,0.1174,2935.0,2267.66,24332.66,1.05,Standard,Single,0,0,23173.96,532.0
636,50000,0.1812,9060.0,2771.5,43711.5,1.0,Itemized,Single,1,1,43711.5,677.0
637,50000,0.155,7750.0,3051.48,45301.48,0.95,Standard,Single,2,1,47685.77,677.0
638,35000,0.1514,5299.0,2090.59,31791.59,0.85,Standard,Head of Household,1,1,37401.87,682.0
639,35000,0.1892,6622.0,2140.7,30518.7,1.0,Standard,Single,1,1,30518.7,637.0
640,50000,0.1686,8430.0,1173.53,42743.53,0.85,Itemized,Single,0,0,50286.51,612.0
641,15000,0.1461,2191.5,1797.32,14605.82,0.95,Standard,Single,1,0,15374.55,536.0
642,50000,0.1855,9275.0,3669.59,44394.59,1.25,Standard,Married Joint,1,1,35515.67,618.0
643,35000,0.1324,4634.0,1520.61,31886.61,1.0,Standard,Single,1,0,31886.61,550.0
644,50000,0.1282,6410.0,2456.52,46046.52,1.0,Standard,Married Separate,0,1,46046.52,670.0
645,25000,0.1053,2632.5,-281.11,22086.39,1.15,Standard,Married Joint,0,0,19205.56,514.0
646,90000,0.121,10890.0,5014.25,84124.25,1.25,Itemized,Married Joint,0,0,67299.4,590.0
647,70000,0.2284,15988.0,4072.06,58084.06,1.0,Itemized,Married Joint,0,1,58084.06,682.0
648,70000,0.1336,9352.0,3437.81,64085.81,1.15,Standard,Single,1,1,55726.79,665.0
649,90000,0.1734,15606.0,5624.35,80018.35,1.0,Standard,Single,0,0,80018.35,608.0
650,50000,0.145,7250.0,2165.92,44915.92,1.0,Itemized,Single,0,1,44915.92,688.0
651,25000,0.1459,3647.5,1814.61,23167.11,1.0,Standard,Married Joint,2,0,23167.11,539.0
652,50000,0.1778,8890.0,1480.34,42590.34,1.05,Itemized,Single,0,0,40562.23,568.0
653,70000,0.1925,13475.0,3476.45,60001.45,1.05,Standard,Single,0,1,57144.24,666.0
654,70000,0.1492,10444.0,3325.65,62881.65,1.0,Itemized,Head of Household,0,0,62881.65,612.0
655,50000,0.1483,7415.0,2725.31,45310.31,0.95,Itemized,Single,0,0,47695.06,599.0
656,25000,0.1451,3627.5,880.47,22252.97,1.05,Itemized,Married Separate,1,0,21193.3,550.0
657,35000,0.1359,4756.5,1618.53,31862.03,0.95,Standard,Married Joint,1,0,33538.98,560.0
658,50000,0.2016,10080.0,3326.05,43246.05,1.0,Standard,Single,3,0,43246.05,550.0
659,70000,0.1814,12698.0,3063.24,60365.24,1.05,Itemized,Single,1,0,57490.7,589.0
660,70000,0.1887,13209.0,1893.42,58684.42,1.05,Standard,Single,1,0,55889.92,565.0
661,50000,0.1732,8660.0,4249.58,45589.58,1.05,Standard,Married Joint,2,1,43418.65,653.0
662,150000,0.2552,38280.0,8881.45,120601.45,1.15,Standard,Married Joint,1,0,104870.83,602.0
663,70000,0.1721,12047.0,2207.74,60160.74,1.0,Itemized,Married Joint,0,1,60160.74,702.0
664,35000,0.1044,3654.0,2439.71,33785.71,1.05,Itemized,Head of Household,1,0,32176.87,564.0
665,25000,0.1487,3717.5,747.03,22029.53,1.05,Standard,Married Joint,1,0,20980.5,529.0
666,35000,0.1238,4333.0,2013.49,32680.49,0.95,Itemized,Single,1,0,34400.52,581.0
667,35000,0.1275,4462.5,2044.22,32581.72,0.85,Standard,Single,1,0,38331.44,584.0
668,35000,0.1609,5631.5,1515.59,30884.09,0.95,Standard,Married Separate,2,0,32509.57,555.0
669,35000,0.1805,6317.5,966.23,29648.73,1.0,Standard,Single,0,0,29648.73,538.0
670,35000,0.144,5040.0,1059.46,31019.46,1.05,Standard,Single,2,0,29542.34,541.0
671,35000,0.1526,5341.0,833.81,30492.81,1.15,Standard,Married Joint,2,0,26515.49,525.0
672,90000,0.2311,20799.0,3668.18,72869.18,0.95,Itemized,Single,0,0,76704.4,613.0
673,25000,0.1439,3597.5,1182.82,22585.32,0.95,Standard,Head of Household,0,0,23774.02,547.0
674,50000,0.2314,11570.0,1784.24,40214.24,1.25,Standard,Married Joint,2,0,32171.39,502.0
675,50000,0.1703,8515.0,3182.05,44667.05,0.95,Itemized,Single,1,1,47017.95,692.0
676,150000,0.1672,25080.0,8987.25,133907.25,1.0,Standard,Head of Household,1,0,133907.25,683.0
677,25000,0.1593,3982.5,669.95,21687.45,1.0,Itemized,Single,0,0,21687.45,554.0
678,50000,0.1648,8240.0,2739.4,44499.4,1.0,Standard,Single,0,0,44499.4,563.0
679,120000,0.2387,28644.0,6499.69,97855.69,0.85,Itemized,Single,0,1,115124.34,778.0
680,90000,0.2002,18018.0,4972.0,76954.0,0.85,Standard,Single,0,0,90534.12,637.0
681,90000,0.1758,15822.0,4575.96,78753.96,0.95,Itemized,Single,0,1,82898.91,738.0
682,35000,0.1066,3731.0,2492.68,33761.68,1.0,Standard,Single,1,0,33761.68,553.0
683,35000,0.1371,4798.5,2232.25,32433.75,1.0,Standard,Single,1,1,32433.75,651.0
684,70000,0.1412,9884.0,2262.34,62378.34,0.95,Itemized,Single,0,1,65661.41,723.0
685,120000,0.1826,21912.0,6869.16,104957.16,1.05,Standard,Married Joint,0,1,99959.2,726.0
686,70000,0.1843,12901.0,4387.29,61486.29,1.15,Standard,Married Separate,0,0,53466.34,552.0
687,70000,0.2168,15176.0,2736.71,57560.71,0.85,Standard,Single,1,0,67718.48,600.0
688,35000,0.1552,5432.0,1787.94,31355.94,1.0,Standard,Single,3,0,31355.94,548.0
689,90000,0.1441,12969.0,5183.33,82214.33,1.05,Standard,Single,1,0,78299.36,606.0
690,35000,0.1567,5484.5,1540.69,31056.19,0.95,Standard,Single,1,1,32690.73,657.0
691,50000,0.1892,9460.0,3572.98,44112.98,1.0,Standard,Married Joint,0,0,44112.98,555.0
692,50000,0.135,6750.0,4863.87,48113.87,1.05,Standard,Married Joint,1,0,45822.73,562.0
693,50000,0.1493,7465.0,1714.01,44249.01,1.15,Standard,Single,1,0,38477.4,542.0
694,35000,0.1438,5033.0,368.96,30335.96,1.15,Standard,Single,1,0,26379.1,526.0
695,25000,0.1131,2827.5,1553.82,23726.32,1.0,Standard,Single,1,0,23726.32,539.0
696,70000,0.1861,13027.0,4221.56,61194.56,1.05,Standard,Married Joint,1,1,58280.53,669.0
697,35000,0.1397,4889.5,1519.13,31629.63,1.0,Standard,Single,2,0,31629.63,550.0
698,70000,0.1793,12551.0,4953.26,62402.26,1.05,Itemized,Head of Household,2,0,59430.72,592.0
699,35000,0.1167,4084.5,411.39,31326.89,1.0,Standard,Married Joint,1,0,31326.89,550.0
700,50000,0.1402,7010.0,3192.92,46182.92,0.95,Standard,Single,2,0,48613.6,580.0
701,50000,0.175,8750.0,1894.14,43144.14,1.05,Standard,Married Joint,0,0,41089.66,549.0
702,25000,0.1255,3137.5,2969.38,24831.88,1.0,Standard,Head of Household,1,0,24831.88,541.0
703,50000,0.2051,10255.0,4492.52,44237.52,1.0,Standard,Married Joint,1,1,44237.52,651.0
704,25000,0.1247,3117.5,483.34,22365.84,1.15,Standard,Single,1,1,19448.56,616.0
705,25000,0.1434,3585.0,700.44,22115.44,0.85,Standard,Single,2,1,26018.16,666.0
706,150000,0.248,37200.0,8359.59,121159.59,1.0,Standard,Married Separate,1,0,121159.59,641.0
707,50000,0.1108,5540.0,2112.87,46572.87,0.85,Standard,Married Joint,0,1,54791.61,706.0
708,90000,0.1272,11448.0,4454.59,83006.59,1.05,Standard,Married Joint,0,1,79053.9,707.0
709,35000,0.0976,3416.0,1775.39,33359.39,1.05,Standard,Married Separate,1,1,31770.85,644.0
710,70000,0.2045,14315.0,1580.33,57265.33,1.0,Standard,Married Separate,0,0,57265.33,568.0
711,90000,0.1634,14706.0,4486.16,79780.16,1.05,Itemized,Head of Household,1,1,75981.1,720.0
712,70000,0.2434,17038.0,2810.27,55772.27,1.0,Standard,Single,1,1,55772.27,655.0
713,50000,0.1364,6820.0,2006.88,45186.88,1.05,Standard,Married Joint,0,1,43035.12,659.0
714,50000,0.1589,7945.0,3943.63,45998.63,1.0,Itemized,Married Joint,1,0,45998.63,587.0
715,50000,0.1996,9980.0,1243.49,41263.49,1.0,Standard,Married Joint,3,1,41263.49,648.0
716,120000,0.2602,31224.0,6813.21,95589.21,1.15,Standard,Married Joint,3,1,83121.05,671.0
717,90000,0.2418,21762.0,4221.04,72459.04,0.95,Itemized,Single,0,0,76272.67,609.0
718,120000,0.2363,28356.0,5720.24,97364.24,0.95,Itemized,Married Joint,0,0,102488.67,646.0
719,25000,0.1674,4185.0,2040.37,22855.37,1.0,Standard,Married Joint,1,1,22855.37,633.0
720,70000,0.1844,12908.0,3840.05,60932.05,1.25,Standard,Single,0,0,48745.64,537.0
721,120000,0.2234,26808.0,6570.61,99762.61,1.0,Standard,Single,1,0,99762.61,620.0
722,35000,0.1268,4438.0,2718.18,33280.18,0.85,Itemized,Single,2,0,39153.15,605.0
723,25000,0.1121,2802.5,918.69,23116.19,1.0,Standard,Single,1,1,23116.19,639.0
724,70000,0.1666,11662.0,2887.76,61225.76,1.0,Standard,Single,3,0,61225.76,585.0
725,70000,0.1616,11312.0,2414.85,61102.85,0.95,Itemized,Single,1,0,64318.79,618.0
726,90000,0.1664,14976.0,3674.59,78698.59,1.05,Standard,Married Joint,1,0,74951.04,597.0
727,25000,0.1576,3940.0,4199.09,25259.09,1.25,Standard,Married Joint,2,1,20207.27,602.0
728,90000,0.2087,18783.0,5744.68,76961.68,1.0,Standard,Married Joint,1,0,76961.68,594.0
729,35000,0.146,5110.0,398.93,30288.93,1.0,Standard,Married Separate,0,1,30288.93,648.0
730,35000,0.1877,6569.5,427.54,28858.04,1.0,Itemized,Single,1,1,28858.04,655.0
731,35000,0.1091,3818.5,2231.87,33413.37,0.95,Standard,Single,0,0,35171.97,562.0
732,90000,0.1742,15678.0,5047.26,79369.26,1.15,Itemized,Married Separate,1,0,69016.75,596.0
733,70000,0.1452,10164.0,4048.88,63884.88,1.0,Standard,Single,0,0,63884.88,594.0
734,50000,0.0973,4865.0,2245.04,47380.04,1.0,Standard,Head of Household,0,0,47380.04,571.0
735,50000,0.1509,7545.0,2374.55,44829.55,1.05,Itemized,Married Separate,0,0,42694.81,578.0
736,90000,0.1763,15867.0,4827.88,78960.88,1.0,Standard,Married Joint,3,1,78960.88,706.0
737,50000,0.1987,9935.0,2585.89,42650.89,1.05,Standard,Head of Household,0,1,40619.9,642.0
738,90000,0.1989,17901.0,2280.7,74379.7,0.85,Standard,Single,2,0,87505.53,633.0
739,50000,0.1226,6130.0,2270.2,46140.2,1.15,Itemized,Single,3,0,40121.91,564.0
740,50000,0.209,10450.0,1648.59,41198.59,1.15,Standard,Married Joint,0,0,35824.86,522.0
741,50000,0.19,9500.0,2675.21,43175.21,1.05,Standard,Single,0,0,41119.25,545.0
742,50000,0.1708,8540.0,5485.26,46945.26,1.25,Standard,Head of Household,1,0,37556.21,524.0
743,70000,0.1599,11193.0,3867.48,62674.48,0.95,Standard,Single,1,1,65973.14,700.0
744,50000,0.1246,6230.0,2186.47,45956.47,1.0,Itemized,Married Joint,1,1,45956.47,689.0
745,35000,0.1322,4627.0,2671.8,33044.8,1.05,Standard,Married Joint,3,0,31471.24,543.0
746,90000,0.2127,19143.0,4982.69,75839.69,1.0,Standard,Married Joint,0,1,75839.69,691.0
747,50000,0.2099,10495.0,2920.09,42425.09,1.0,Standard,Single,0,0,42425.09,547.0
748,50000,0.1996,9980.0,3106.85,43126.85,1.0,Standard,Single,0,1,43126.85,651.0
749,120000,0.1853,22236.0,8056.54,105820.54,0.95,Itemized,Married Separate,0,0,111390.04,674.0
750,70000,0.1331,9317.0,2369.11,63052.11,1.0,Standard,Single,0,0,63052.11,592.0
751,25000,0.1409,3522.5,1723.63,23201.13,0.95,Itemized,Married Separate,2,1,24422.24,668.0
752,120000,0.1469,17628.0,5073.62,107445.62,1.05,Standard,Married Joint,2,0,102329.16,639.0
753,70000,0.1764,12348.0,4055.51,61707.51,0.95,Standard,Married Joint,2,1,64955.27,694.0
754,50000,0.1489,7445.0,1581.31,44136.31,0.85,Itemized,Married Joint,1,0,51925.07,621.0
755,25000,0.1227,3067.5,832.63,22765.13,1.0,Standard,Single,1,0,22765.13,538.0
756,90000,0.1322,11898.0,4204.91,82306.91,1.0,Standard,Married Joint,2,0,82306.91,618.0
757,70000,0.1821,12747.0,4475.82,61728.82,1.15,Itemized,Married Separate,0,0,53677.23,573.0
758,50000,0.1374,6870.0,3418.45,46548.45,1.0,Standard,Single,2,0,46548.45,570.0
759,90000,0.1449,13041.0,3254.28,80213.28,1.0,Standard,Head of Household,1,0,80213.28,616.0
760,90000,0.0938,8442.0,4554.93,86112.93,1.15,Standard,Single,3,0,74880.81,590.0
761,35000,0.1425,4987.5,1040.42,31052.92,1.0,Standard,Single,1,0,31052.92,549.0
762,50000,0.2065,10325.0,1241.5,40916.5,0.85,Standard,Single,1,1,48137.06,677.0
763,35000,0.1932,6762.0,1532.98,29770.98,1.0,Standard,Head of Household,0,0,29770.98,535.0
764,70000,0.153,10710.0,3191.52,62481.52,1.15,Standard,Single,2,1,54331.76,662.0
765,15000,0.1119,1678.5,3176.72,16498.22,1.0,Itemized,Married Separate,1,0,16498.22,551.0
766,70000,0.1807,12649.0,3932.96,61283.96,0.95,Standard,Married Separate,0,0,64509.43,592.0
767,90000,0.15,13500.0,3122.38,79622.38,0.95,Standard,Single,1,0,83813.03,627.0
768,90000,0.1891,17019.0,3935.23,76916.23,0.95,Standard,Single,0,0,80964.45,612.0
769,50000,0.1763,8815.0,3521.38,44706.38,1.0,Standard,Married Joint,1,0,44706.38,560.0
770,90000,0.2168,19512.0,6588.44,77076.44,1.0,Standard,Single,2,0,77076.44,591.0
771,25000,0.1337,3342.5,-335.98,21321.52,0.85,Itemized,Married Joint,0,0,25084.14,582.0
772,90000,0.1739,15651.0,2620.08,76969.08,1.15,Standard,Single,1,0,66929.63,574.0
773,25000,0.1103,2757.5,3120.97,25363.47,1.05,Itemized,Single,0,1,24155.69,653.0
774,50000,0.1285,6425.0,2889.61,46464.61,1.0,Itemized,Married Joint,1,0,46464.61,590.0
775,90000,0.1732,15588.0,3631.71,78043.71,1.15,Standard,Single,1,0,67864.1,575.0
776,25000,0.1477,3692.5,1784.63,23092.13,0.85,Standard,Single,0,0,27167.21,569.0
777,35000,0.1707,5974.5,-885.75,28139.75,1.0,Standard,Single,0,1,28139.75,635.0
778,70000,0.1426,9982.0,3503.38,63521.38,1.05,Standard,Single,3,0,60496.55,583.0
779,70000,0.2114,14798.0,3827.82,59029.82,1.15,Itemized,Married Joint,0,0,51330.28,562.0
780,70000,0.1585,11095.0,4424.27,63329.27,1.05,Itemized,Married Separate,0,0,60313.59,600.0
781,70000,0.166,11620.0,2486.1,60866.1,0.95,Standard,Single,1,0,64069.58,596.0
782,50000,0.1309,6545.0,2585.69,46040.69,1.15,Standard,Married Joint,1,0,40035.38,543.0
783,35000,0.0706,2471.0,824.58,33353.58,0.95,Itemized,Married Joint,1,1,35109.03,682.0
784,50000,0.1799,8995.0,2755.38,43760.38,1.15,Itemized,Single,1,0,38052.5,553.0
785,35000,0.1654,5789.0,854.65,30065.65,1.25,Standard,Single,1,0,24052.52,510.0
786,120000,0.1916,22992.0,5591.9,102599.9,0.95,Standard,Head of Household,1,0,107999.89,647.0
787,70000,0.1687,11809.0,2504.18,60695.18,1.05,Standard,Married Joint,1,0,57804.93,574.0
788,50000,0.1688,8440.0,3151.14,44711.14,0.85,Itemized,Married Joint,3,0,52601.34,616.0
789,50000,0.1065,5325.0,3358.45,48033.45,1.0,Standard,Married Joint,1,0,48033.45,572.0
790,120000,0.1841,22092.0,5765.38,103673.38,1.0,Standard,Single,1,0,103673.38,637.0
791,35000,0.1672,5852.0,1788.24,30936.24,1.0,Standard,Married Joint,0,0,30936.24,544.0
792,70000,0.129,9030.0,2051.41,63021.41,1.15,Standard,Married Joint,0,0,54801.23,564.0
793,50000,0.1621,8105.0,2200.32,44095.32,1.05,Standard,Married Joint,0,1,41995.54,654.0
794,70000,0.126,8820.0,3449.8,64629.8,1.0,Itemized,Single,0,0,64629.8,615.0
795,15000,0.144,2160.0,3370.79,16210.79,1.15,Standard,Single,3,0,14096.34,509.0
796,90000,0.1789,16101.0,3388.03,77287.03,1.25,Standard,Single,0,0,61829.62,556.0
797,120000,0.1515,18180.0,7464.18,109284.18,0.85,Standard,Head of Household,2,0,128569.62,704.0
798,70000,0.2016,14112.0,4496.86,60384.86,1.25,Standard,Single,2,0,48307.89,531.0
799,70000,0.1446,10122.0,3780.64,63658.64,0.85,Standard,Single,1,0,74892.52,632.0
800,120000,0.1757,21084.0,7758.62,106674.62,1.15,Standard,Single,0,1,92760.54,707.0
801,70000,0.1727,12089.0,3872.11,61783.11,0.95,Standard,Single,1,1,65034.85,695.0
802,35000,0.1778,6223.0,2139.16,30916.16,0.95,Standard,Married Joint,2,0,32543.33,550.0
803,70000,0.1362,9534.0,3446.88,63912.88,1.0,Standard,Married Joint,0,1,63912.88,694.0
804,70000,0.1685,11795.0,4723.57,62928.57,1.05,Standard,Married Joint,2,1,59931.97,676.0
805,50000,0.1662,8310.0,3596.47,45286.47,1.0,Itemized,Single,1,0,45286.47,584.0
806,70000,0.1875,13125.0,2874.32,59749.32,0.85,Itemized,Married Joint,2,1,70293.32,734.0
807,120000,0.2053,24636.0,4680.75,100044.75,1.0,Standard,Single,2,0,100044.75,626.0
808,120000,0.189,22680.0,5797.02,103117.02,1.15,Standard,Single,0,0,89666.97,600.0
809,50000,0.1285,6425.0,1699.96,45274.96,1.0,Itemized,Single,1,0,45274.96,589.0
810,25000,0.1393,3482.5,1186.48,22703.98,0.95,Standard,Single,0,0,23898.93,547.0
811,150000,0.1878,28170.0,8737.44,130567.44,1.0,Itemized,Single,1,0,130567.44,692.0
812,90000,0.0924,8316.0,4042.7,85726.7,0.85,Itemized,Married Joint,1,0,100854.94,689.0
813,25000,0.1498,3745.0,1207.18,22462.18,1.15,Standard,Married Joint,1,1,19532.33,616.0
814,120000,0.2271,27252.0,6058.02,98806.02,1.15,Standard,Married Separate,0,1,85918.28,684.0
815,90000,0.1091,9819.0,5348.43,85529.43,1.0,Itemized,Single,0,1,85529.43,743.0
816,50000,0.123,6150.0,253.11,44103.11,1.0,Standard,Single,2,1,44103.11,667.0
817,70000,0.1852,12964.0,2893.3,59929.3,1.05,Standard,Single,3,1,57075.52,668.0
818,50000,0.2151,10755.0,2711.28,41956.28,1.0,Standard,Head of Household,1,0,41956.28,545.0
819,25000,0.1373,3432.5,2450.08,24017.58,1.15,Standard,Married Joint,2,0,20884.85,517.0
820,50000,0.1315,6575.0,2008.1,45433.1,1.05,Standard,Married Joint,0,0,43269.62,559.0
821,90000,0.1745,15705.0,2623.45,76918.45,1.05,Standard,Single,0,1,73255.67,693.0
822,15000,0.1712,2568.0,1369.71,13801.71,1.0,Itemized,Married Joint,2,0,13801.71,540.0
823,50000,0.134,6700.0,1864.64,45164.64,1.0,Standard,Single,1,1,45164.64,668.0
824,50000,0.1294,6470.0,1310.33,44840.33,1.25,Standard,Married Joint,0,0,35872.26,529.0
825,50000,0.1389,6945.0,1875.65,44930.65,1.0,Standard,Head of Household,1,0,44930.65,568.0
826,120000,0.1714,20568.0,5815.47,105247.47,1.05,Standard,Head of Household,0,1,100235.69,730.0
827,50000,0.157,7850.0,1895.26,44045.26,0.95,Standard,Married Joint,2,0,46363.43,575.0
828,50000,0.2021,10105.0,294.43,40189.43,1.05,Itemized,Single,2,0,38275.65,558.0
829,70000,0.1764,12348.0,4397.07,62049.07,1.0,Itemized,Head of Household,1,0,62049.07,603.0
830,50000,0.1458,7290.0,3774.88,46484.88,0.95,Standard,Married Joint,1,0,48931.45,581.0
831,35000,0.1346,4711.0,2401.52,32690.52,0.85,Standard,Single,1,1,38459.44,684.0
832,50000,0.1064,5320.0,1362.31,46042.31,1.05,Standard,Single,1,0,43849.82,560.0
833,25000,0.1632,4080.0,1048.51,21968.51,1.05,Standard,Single,1,0,20922.39,525.0
834,35000,0.141,4935.0,1743.48,31808.48,1.0,Standard,Single,0,0,31808.48,550.0
835,50000,0.1479,7395.0,3098.79,45703.79,0.95,Standard,Single,1,1,48109.25,680.0
836,50000,0.2491,12455.0,3168.34,40713.34,1.05,Itemized,Married Joint,0,0,38774.61,544.0
837,120000,0.209,25080.0,5265.83,100185.83,0.85,Standard,Single,2,0,117865.68,671.0
838,50000,0.1308,6540.0,2582.0,46042.0,1.0,Standard,Single,0,1,46042.0,670.0
839,70000,0.1539,10773.0,3957.28,63184.28,0.95,Itemized,Married Joint,1,0,66509.77,623.0
840,70000,0.2011,14077.0,4955.82,60878.82,0.95,Standard,Married Separate,0,1,64082.97,685.0
841,15000,0.1334,2001.0,1454.51,14453.51,0.95,Standard,Married Joint,1,0,15214.22,536.0
842,70000,0.1235,8645.0,4289.06,65644.06,1.0,Standard,Single,0,0,65644.06,596.0
843,35000,0.1709,5981.5,1833.83,30852.33,0.85,Standard,Head of Household,0,0,36296.86,573.0
844,120000,0.18,21600.0,7410.46,105810.46,1.0,Itemized,Head of Household,0,1,105810.46,761.0
845,25000,0.1929,4822.5,1659.76,21837.26,1.0,Standard,Single,0,1,21837.26,624.0
846,50000,0.1857,9285.0,1638.91,42353.91,1.0,Itemized,Single,1,0,42353.91,574.0
847,25000,0.1232,3080.0,2653.37,24573.37,1.0,Standard,Married Joint,0,0,24573.37,541.0
848,150000,0.2584,38760.0,8197.9,119437.9,1.15,Standard,Married Separate,0,1,103859.04,699.0
849,50000,0.1554,7770.0,2056.96,44286.96,0.95,Itemized,Head of Household,2,0,46617.85,596.0
850,70000,0.1922,13454.0,3020.51,59566.51,1.0,Standard,Married Separate,1,1,59566.51,675.0
851,25000,0.1512,3780.0,1546.58,22766.58,0.85,Standard,Married Joint,0,0,26784.21,567.0
852,70000,0.1413,9891.0,3963.18,64072.18,0.85,Standard,Married Joint,0,1,75379.04,733.0
853,35000,0.124,4340.0,1947.29,32607.29,1.0,Standard,Single,1,0,32607.29,551.0
854,90000,0.2109,18981.0,4811.31,75830.31,1.0,Standard,Single,1,0,75830.31,591.0
855,35000,0.1333,4665.5,3449.96,33784.46,1.15,Standard,Single,1,0,29377.79,528.0
856,35000,0.1312,4592.0,2821.54,33229.54,1.0,Standard,Married Joint,0,1,33229.54,652.0
857,15000,0.1013,1519.5,940.64,14421.14,1.25,Standard,Married Joint,2,0,11536.91,494.0
858,50000,0.166,8300.0,3441.31,45141.31,0.85,Itemized,Married Joint,1,0,53107.42,618.0
859,70000,0.2285,15995.0,2467.48,56472.48,0.85,Standard,Single,0,0,66438.21,595.0
860,25000,0.1046,2615.0,1647.93,24032.93,0.85,Itemized,Married Joint,0,0,28274.04,591.0
861,90000,0.1807,16263.0,6309.31,80046.31,0.95,Standard,Single,0,1,84259.27,719.0
862,50000,0.1957,9785.0,2281.95,42496.95,1.0,Standard,Single,0,1,42496.95,651.0
863,50000,0.1509,7545.0,1652.37,44107.37,1.05,Itemized,Married Joint,0,0,42007.02,578.0
864,50000,0.1669,8345.0,1847.91,43502.91,0.85,Standard,Married Joint,1,1,51179.89,694.0
865,50000,0.1215,6075.0,1410.37,45335.37,1.15,Standard,Head of Household,1,1,39422.06,643.0
866,70000,0.1795,12565.0,2715.24,60150.24,1.15,Standard,Single,1,1,52304.56,652.0
867,35000,0.1377,4819.5,1379.49,31559.99,0.95,Standard,Single,0,0,33221.04,559.0
868,35000,0.1729,6051.5,344.43,29292.93,0.85,Standard,Single,0,1,34462.27,669.0
869,90000,0.2156,19404.0,4515.62,75111.62,0.95,Standard,Single,2,0,79064.86,601.0
870,120000,0.2777,33324.0,6902.28,93578.28,0.95,Itemized,Married Separate,0,0,98503.45,628.0
871,50000,0.1707,8535.0,1592.24,43057.24,0.95,Standard,Married Joint,1,1,45323.41,669.0
872,35000,0.1531,5358.5,3269.28,32910.78,1.0,Itemized,Married Separate,1,0,32910.78,571.0
873,70000,0.1725,12075.0,4010.79,61935.79,0.95,Itemized,Single,0,0,65195.57,616.0
874,50000,0.1427,7135.0,3530.58,46395.58,1.0,Standard,Married Separate,1,1,46395.58,670.0
875,15000,0.1402,2103.0,92.17,12989.17,1.25,Standard,Single,0,1,10391.34,596.0
876,35000,0.1345,4707.5,2604.53,32897.03,1.05,Itemized,Married Separate,1,0,31330.5,563.0
877,70000,0.1717,12019.0,2408.07,60389.07,1.15,Itemized,Single,1,1,52512.23,675.0
878,70000,0.2062,14434.0,4390.25,59956.25,0.95,Standard,Single,2,0,63111.84,582.0
879,15000,0.0998,1497.0,921.84,14424.84,1.0,Standard,Married Joint,1,0,14424.84,527.0
880,35000,0.1775,6212.5,2303.25,31090.75,1.0,Standard,Head of Household,2,1,31090.75,641.0
881,35000,0.1828,6398.0,574.41,29176.41,0.85,Standard,Single,1,0,34325.19,566.0
882,70000,0.1631,11417.0,2604.93,61187.93,0.85,Standard,Single,1,0,71985.8,624.0
883,15000,0.0663,994.5,1347.23,15352.73,1.05,Standard,Married Separate,5,0,14621.65,520.0
884,25000,0.1184,2960.0,301.65,22341.65,1.05,Standard,Single,1,0,21277.76,530.0
885,90000,0.2189,19701.0,4963.21,75262.21,1.0,Standard,Single,1,0,75262.21,588.0
886,35000,0.1426,4991.0,382.86,30391.86,1.0,Standard,Single,3,1,30391.86,648.0
887,70000,0.1367,9569.0,4348.17,64779.17,1.0,Standard,Single,0,1,64779.17,695.0
888,35000,0.1282,4487.0,517.48,31030.48,0.85,Standard,Head of Household,1,0,36506.45,580.0
889,25000,0.1619,4047.5,1802.3,22754.8,1.0,Standard,Married Joint,1,1,22754.8,635.0
890,35000,0.1597,5589.5,2375.63,31786.13,0.95,Standard,Married Joint,1,0,33459.08,557.0
891,70000,0.1595,11165.0,2803.23,61638.23,0.85,Standard,Head of Household,2,0,72515.56,626.0
892,90000,0.169,15210.0,5082.03,79872.03,1.25,Standard,Single,0,1,63897.62,661.0
893,90000,0.1682,15138.0,4760.44,79622.44,1.0,Itemized,Single,0,0,79622.44,629.0
894,50000,0.1257,6285.0,1961.16,45676.16,1.05,Standard,Single,1,0,43501.1,560.0
895,70000,0.2151,15057.0,2491.45,57434.45,1.0,Standard,Single,2,0,57434.45,565.0
896,35000,0.1337,4679.5,-212.63,30107.87,1.0,Standard,Single,1,0,30107.87,547.0
897,35000,0.1798,6293.0,2099.65,30806.65,0.95,Itemized,Head of Household,0,1,32428.05,669.0
898,90000,0.2256,20304.0,2935.2,72631.2,0.85,Standard,Married Joint,2,0,85448.47,621.0
899,15000,0.1599,2398.5,845.34,13446.84,0.95,Standard,Single,2,0,14154.57,531.0
900,25000,0.1237,3092.5,986.55,22894.05,1.05,Standard,Married Joint,0,0,21803.86,530.0
901,35000,0.1554,5439.0,2429.14,31990.14,1.05,Standard,Married Joint,0,0,30466.8,540.0
902,15000,0.1293,1939.5,447.95,13508.45,1.0,Standard,Head of Household,2,0,13508.45,526.0
903,35000,0.1162,4067.0,1420.55,32353.55,1.0,Standard,Married Separate,0,0,32353.55,551.0
904,70000,0.1764,12348.0,4231.87,61883.87,1.15,Standard,Married Joint,0,1,53812.06,655.0
905,50000,0.118,5900.0,2835.06,46935.06,0.85,Standard,Married Joint,3,1,55217.72,707.0
906,90000,0.2156,19404.0,4816.16,75412.16,0.95,Standard,Married Joint,0,0,79381.22,601.0
907,90000,0.1661,14949.0,4969.27,80020.27,1.0,Standard,Married Joint,2,0,80020.27,610.0
908,50000,0.1594,7970.0,964.43,42994.43,1.05,Itemized,Single,1,0,40947.08,574.0
909,35000,0.1518,5313.0,2506.79,32193.79,1.25,Standard,Single,0,1,25755.03,614.0
910,50000,0.1456,7280.0,3112.47,45832.47,0.95,Itemized,Married Joint,0,1,48244.71,700.0
911,70000,0.1843,12901.0,2483.32,59582.32,1.15,Standard,Single,0,0,51810.71,550.0
912,35000,0.1291,4518.5,1505.92,31987.42,1.15,Standard,Single,0,1,27815.15,627.0
913,70000,0.1928,13496.0,3460.69,59964.69,0.95,Standard,Married Joint,1,0,63120.73,586.0
914,50000,0.113,5650.0,2365.5,46715.5,1.0,Itemized,Single,1,0,46715.5,590.0
915,70000,0.1705,11935.0,3833.86,61898.86,1.0,Standard,Married Joint,0,0,61898.86,585.0
916,50000,0.2115,10575.0,3931.37,43356.37,1.25,Standard,Married Joint,1,0,34685.1,510.0
917,35000,0.1133,3965.5,2831.77,33866.27,0.95,Standard,Head of Household,0,0,35648.71,563.0
918,120000,0.1797,21564.0,4687.78,103123.78,1.05,Standard,Single,3,0,98213.12,625.0
919,90000,0.1954,17586.0,5122.07,77536.07,1.0,Standard,Single,0,0,77536.07,598.0
920,25000,0.1421,3552.5,2578.93,24026.43,1.05,Standard,Married Joint,1,0,22882.31,531.0
921,90000,0.1905,17145.0,4886.81,77741.81,1.0,Standard,Married Separate,1,0,77741.81,600.0
922,50000,0.168,8400.0,3590.98,45190.98,1.0,Standard,Head of Household,1,0,45190.98,563.0
923,90000,0.199,17910.0,6512.27,78602.27,1.15,Standard,Single,2,0,68349.8,568.0
924,90000,0.2133,19197.0,5523.71,76326.71,1.15,Standard,Single,3,0,66371.05,561.0
925,50000,0.1656,8280.0,2749.31,44469.31,1.15,Standard,Head of Household,1,0,38668.97,538.0
926,15000,0.1228,1842.0,1795.09,14953.09,0.85,Standard,Single,2,0,17591.87,558.0
927,35000,0.1635,5722.5,1894.89,31172.39,1.05,Standard,Married Joint,2,0,29687.99,537.0
928,50000,0.2103,10515.0,2523.9,42008.9,0.95,Standard,Single,0,0,44219.89,556.0
929,70000,0.1627,11389.0,3148.59,61759.59,1.0,Itemized,Single,2,0,61759.59,607.0
930,35000,0.1141,3993.5,3313.41,34319.91,1.0,Itemized,Single,1,0,34319.91,574.0
931,25000,0.1699,4247.5,431.57,21184.07,1.0,Itemized,Single,1,1,21184.07,650.0
932,90000,0.1764,15876.0,6032.37,80156.37,1.0,Standard,Married Joint,1,0,80156.37,608.0
933,150000,0.1548,23220.0,7999.86,134779.86,1.25,Standard,Head of Household,2,0,107823.89,624.0
934,50000,0.1788,8940.0,1100.69,42160.69,0.95,Standard,Single,0,0,44379.67,565.0
935,35000,0.1273,4455.5,2117.65,32662.15,1.05,Standard,Married Separate,0,0,31106.81,543.0
936,35000,0.1406,4921.0,-350.03,29728.97,1.0,Standard,Single,1,0,29728.97,546.0
937,15000,0.14,2100.0,1375.51,14275.51,0.95,Itemized,Married Joint,0,0,15026.85,555.0
938,120000,0.2057,24684.0,6885.23,102201.23,0.95,Itemized,Single,1,0,107580.24,662.0
939,25000,0.158,3950.0,657.64,21707.64,1.15,Itemized,Head of Household,0,1,18876.21,634.0
940,70000,0.1536,10752.0,3623.55,62871.55,1.15,Standard,Married Joint,1,0,54670.91,563.0
941,35000,0.1587,5554.5,3704.16,33149.66,1.15,Standard,Married Joint,1,0,28825.79,525.0
942,70000,0.1589,11123.0,2994.25,61871.25,1.25,Standard,Married Separate,2,0,49497.0,545.0
943,70000,0.1888,13216.0,2441.09,59225.09,0.95,Standard,Married Joint,0,1,62342.2,687.0
944,90000,0.1985,17865.0,5981.66,78116.66,1.0,Standard,Head of Household,1,1,78116.66,698.0
945,35000,0.1153,4035.5,3712.59,34677.09,1.05,Standard,Married Joint,2,0,33025.8,545.0
946,15000,0.1626,2439.0,753.7,13314.7,1.0,Standard,Head of Household,0,1,13314.7,622.0
947,25000,0.1206,3015.0,2261.46,24246.46,1.0,Standard,Married Joint,0,0,24246.46,540.0
948,120000,0.2242,26904.0,7341.48,100437.48,1.0,Standard,Single,1,1,100437.48,721.0
949,90000,0.191,17190.0,3757.52,76567.52,1.0,Itemized,Married Joint,1,1,76567.52,718.0
950,70000,0.2218,15526.0,3014.69,57488.69,1.0,Standard,Single,2,0,57488.69,563.0
951,70000,0.16,11200.0,4730.87,63530.87,0.95,Itemized,Married Joint,2,1,66874.6,722.0
952,70000,0.1562,10934.0,5185.01,64251.01,1.0,Standard,Single,1,0,64251.01,592.0
953,35000,0.1428,4998.0,2312.88,32314.88,1.0,Standard,Married Joint,1,0,32314.88,551.0
954,120000,0.1909,22908.0,5120.19,102212.19,1.0,Standard,Single,4,0,102212.19,633.0
955,50000,0.1773,8865.0,4487.06,45622.06,0.95,Standard,Single,3,1,48023.22,671.0
956,50000,0.1048,5240.0,1969.03,46729.03,1.05,Itemized,Single,2,0,44503.84,581.0
957,50000,0.1217,6085.0,2164.86,46079.86,0.85,Standard,Head of Household,1,0,54211.6,605.0
958,15000,0.098,1470.0,1092.34,14622.34,1.0,Standard,Single,0,1,14622.34,627.0
959,35000,0.1718,6013.0,3304.16,32291.16,1.05,Standard,Single,0,0,30753.49,536.0
960,70000,0.218,15260.0,4353.98,59093.98,1.0,Itemized,Married Joint,1,0,59093.98,587.0
961,25000,0.1335,3337.5,1664.87,23327.37,0.95,Standard,Married Joint,2,0,24555.13,548.0
962,70000,0.1616,11312.0,3963.29,62651.29,1.05,Itemized,Single,1,0,59667.9,598.0
963,35000,0.1454,5089.0,1793.51,31704.51,1.0,Standard,Single,0,0,31704.51,550.0
964,50000,0.1882,9410.0,3058.14,43648.14,1.05,Standard,Single,2,0,41569.66,546.0
965,35000,0.1155,4042.5,-779.56,30177.94,1.05,Standard,Head of Household,0,1,28740.9,637.0
966,50000,0.1605,8025.0,2203.39,44178.39,1.05,Standard,Single,1,1,42074.66,655.0
967,70000,0.1959,13713.0,3741.32,60028.32,1.0,Standard,Single,0,0,60028.32,575.0
968,35000,0.1584,5544.0,598.99,30054.99,0.95,Itemized,Single,0,0,31636.83,574.0
969,70000,0.1724,12068.0,3886.32,61818.32,0.95,Standard,Single,0,0,65071.92,595.0
970,50000,0.1834,9170.0,2295.53,43125.53,1.0,Standard,Married Joint,0,0,43125.53,556.0
971,70000,0.0856,5992.0,5255.48,69263.48,1.0,Standard,Single,0,0,69263.48,601.0
972,120000,0.2203,26436.0,7573.02,101137.02,1.0,Standard,Single,1,0,101137.02,623.0
973,70000,0.147,10290.0,3034.19,62744.19,0.95,Standard,Single,0,1,66046.52,704.0
974,35000,0.0884,3094.0,1599.16,33505.16,0.85,Standard,Single,0,0,39417.84,586.0
975,15000,0.1453,2179.5,676.05,13496.55,1.0,Standard,Single,1,0,13496.55,526.0
976,35000,0.1845,6457.5,1298.34,29840.84,0.95,Standard,Married Separate,2,1,31411.41,646.0
977,70000,0.1625,11375.0,3695.02,62320.02,1.05,Standard,Married Joint,1,0,59352.4,577.0
978,25000,0.1653,4132.5,491.72,21359.22,0.85,Standard,Head of Household,1,0,25128.49,559.0
979,50000,0.2017,10085.0,1369.38,41284.38,1.0,Standard,Married Separate,0,0,41284.38,548.0
980,70000,0.2061,14427.0,4122.71,59695.71,1.15,Standard,Married Joint,0,0,51909.31,544.0
981,50000,0.2025,10125.0,3129.53,43004.53,0.95,Standard,Single,1,1,45267.93,660.0
982,90000,0.2023,18207.0,3695.68,75488.68,1.0,Itemized,Married Joint,0,0,75488.68,614.0
983,25000,0.1389,3472.5,2145.36,23672.86,0.85,Itemized,Married Separate,2,1,27850.42,690.0
984,25000,0.0886,2215.0,618.42,23403.42,1.05,Standard,Married Joint,0,1,22288.97,631.0
985,70000,0.1593,11151.0,3753.17,62602.17,1.0,Standard,Married Joint,2,1,62602.17,689.0
986,50000,0.128,6400.0,3320.34,46920.34,1.0,Itemized,Single,1,1,46920.34,691.0
987,70000,0.2318,16226.0,3466.39,57240.39,1.0,Itemized,Married Separate,1,0,57240.39,580.0
988,50000,0.1481,7405.0,2954.74,45549.74,1.15,Itemized,Married Joint,1,0,39608.47,563.0
989,35000,0.147,5145.0,1233.57,31088.57,0.95,Standard,Head of Household,1,0,32724.81,559.0
990,90000,0.1965,17685.0,4303.53,76618.53,0.85,Standard,Single,2,0,90139.45,638.0
991,90000,0.1813,16317.0,4294.14,77977.14,1.15,Itemized,Single,2,1,67806.21,693.0
992,70000,0.2175,15225.0,2753.42,57528.42,1.0,Standard,Single,1,0,57528.42,565.0
993,35000,0.1247,4364.5,1573.23,32208.73,1.15,Standard,Married Joint,0,1,28007.59,627.0
994,70000,0.1725,12075.0,1951.38,59876.38,1.0,Standard,Single,0,1,59876.38,681.0
995,50000,0.1311,6555.0,2008.85,45453.85,1.15,Standard,Single,0,1,39525.09,643.0
996,25000,0.0971,2427.5,965.12,23537.62,1.0,Standard,Head of Household,0,1,23537.62,639.0
997,120000,0.1816,21792.0,5743.82,103951.82,1.05,Standard,Single,1,0,99001.73,625.0
998,25000,0.1356,3390.0,1008.5,22618.5,1.15,Standard,Married Separate,2,0,19668.26,516.0
999,120000,0.1871,22452.0,5938.24,103486.24,1.0,Standard,Single,3,0,103486.24,636.0
1000,50000,0.1326,6630.0,2979.44,46349.44,0.95,Standard,Married Separate,0,0,48788.88,581.0
